{"v":"5.5.7","meta":{"g":"LottieFiles AE 0.1.20","a":"","k":"","d":"","tc":""},"fr":60,"ip":0,"op":180,"w":1000,"h":1000,"nm":"wear-mask","ddd":0,"assets":[],"layers":[{"ddd":0,"ind":1,"ty":4,"nm":"mask ","sr":1,"ks":{"o":{"a":0,"k":100,"ix":11},"r":{"a":0,"k":0,"ix":10},"p":{"a":1,"k":[{"i":{"x":0.667,"y":1},"o":{"x":0.333,"y":0},"t":43,"s":[500.002,299.126,0],"to":[0,-2.667,0],"ti":[0,2.667,0]},{"i":{"x":0.667,"y":0.667},"o":{"x":0.333,"y":0.333},"t":70,"s":[500.002,283.126,0],"to":[0,0,0],"ti":[0,0,0]},{"i":{"x":0.667,"y":1},"o":{"x":0.333,"y":0},"t":118,"s":[500.002,283.126,0],"to":[0,2.667,0],"ti":[0,-2.667,0]},{"t":161,"s":[500.002,299.126,0]}],"ix":2},"a":{"a":0,"k":[221.46,-146.388,0],"ix":1},"s":{"a":1,"k":[{"i":{"x":[0.667,0.667,0.667],"y":[1,1,1]},"o":{"x":[0.333,0.333,0.333],"y":[0,0,0]},"t":0,"s":[128,128,100]},{"i":{"x":[0.667,0.667,0.667],"y":[1,1,1]},"o":{"x":[0.333,0.333,0.333],"y":[0,0,0]},"t":43,"s":[100,100,100]},{"i":{"x":[0.667,0.667,0.667],"y":[1,1,1]},"o":{"x":[0.333,0.333,0.333],"y":[0,0,0]},"t":118,"s":[100,100,100]},{"t":161,"s":[128,128,100]}],"ix":6}},"ao":0,"shapes":[{"ty":"gr","it":[{"ind":0,"ty":"sh","ix":1,"ks":{"a":1,"k":[{"i":{"x":0.667,"y":1},"o":{"x":0.333,"y":0},"t":0,"s":[{"i":[[0,0],[0,0],[0,0],[-47.496,-20.628]],"o":[[0,0],[0,0],[0,0],[0,0]],"v":[[18.547,-5.975],[-80.883,-43.242],[-80.883,60.232],[30.883,101.055]],"c":false}]},{"i":{"x":0.667,"y":1},"o":{"x":0.333,"y":0},"t":43,"s":[{"i":[[0,0],[0,0],[0,0],[-42.409,-38.7]],"o":[[0,0],[0,0],[0,0],[0,0]],"v":[[18.547,-5.975],[-30.883,-141.055],[-30.883,-37.58],[30.883,101.055]],"c":false}]},{"i":{"x":0.667,"y":1},"o":{"x":0.333,"y":0},"t":70,"s":[{"i":[[0,0],[0,0],[0,0],[-42.409,-38.7]],"o":[[0,0],[0,0],[0,0],[0,0]],"v":[[18.547,-5.975],[-30.883,-101.055],[-30.883,2.42],[30.883,101.055]],"c":false}]},{"i":{"x":0.667,"y":1},"o":{"x":0.333,"y":0},"t":118,"s":[{"i":[[0,0],[0,0],[0,0],[-42.409,-38.7]],"o":[[0,0],[0,0],[0,0],[0,0]],"v":[[18.547,-5.975],[-30.883,-101.055],[-30.883,2.42],[30.883,101.055]],"c":false}]},{"t":161,"s":[{"i":[[0,0],[0,0],[0,0],[-47.496,-20.628]],"o":[[0,0],[0,0],[0,0],[0,0]],"v":[[18.547,-5.975],[-80.883,-43.242],[-80.883,60.232],[30.883,101.055]],"c":false}]}],"ix":2},"nm":"Path 1","mn":"ADBE Vector Shape - Group","hd":false},{"ty":"st","c":{"a":0,"k":[0.26699999641,0.102000000898,0.211999990426,1],"ix":3},"o":{"a":0,"k":100,"ix":4},"w":{"a":0,"k":6,"ix":5},"lc":2,"lj":2,"bm":0,"nm":"Stroke 1","mn":"ADBE Vector Graphic - Stroke","hd":false},{"ty":"tr","p":{"a":0,"k":[45.883,116.055],"ix":2},"a":{"a":0,"k":[0,0],"ix":1},"s":{"a":0,"k":[100,100],"ix":3},"r":{"a":0,"k":0,"ix":6},"o":{"a":0,"k":100,"ix":7},"sk":{"a":0,"k":0,"ix":4},"sa":{"a":0,"k":0,"ix":5},"nm":"Transform"}],"nm":"Group 1","np":2,"cix":2,"bm":0,"ix":1,"mn":"ADBE Vector Group","hd":false},{"ty":"gr","it":[{"ind":0,"ty":"sh","ix":1,"ks":{"a":1,"k":[{"i":{"x":0.667,"y":1},"o":{"x":0.333,"y":0},"t":0,"s":[{"i":[[0,0],[0,0],[0,0],[61.555,-23.753]],"o":[[0,0],[0,0],[0,0],[0,0]],"v":[[-18.546,-5.975],[71.509,-49.492],[71.509,53.982],[-30.884,101.055]],"c":false}]},{"i":{"x":0.667,"y":1},"o":{"x":0.333,"y":0},"t":43,"s":[{"i":[[0,0],[0,0],[0,0],[42.409,-38.7]],"o":[[0,0],[0,0],[0,0],[0,0]],"v":[[-18.546,-5.975],[30.884,-141.055],[30.884,-37.58],[-30.884,101.055]],"c":false}]},{"i":{"x":0.667,"y":1},"o":{"x":0.333,"y":0},"t":70,"s":[{"i":[[0,0],[0,0],[0,0],[42.409,-38.7]],"o":[[0,0],[0,0],[0,0],[0,0]],"v":[[-18.546,-5.975],[30.884,-101.055],[30.884,2.42],[-30.884,101.055]],"c":false}]},{"i":{"x":0.667,"y":1},"o":{"x":0.333,"y":0},"t":118,"s":[{"i":[[0,0],[0,0],[0,0],[42.409,-38.7]],"o":[[0,0],[0,0],[0,0],[0,0]],"v":[[-18.546,-5.975],[30.884,-101.055],[30.884,2.42],[-30.884,101.055]],"c":false}]},{"t":161,"s":[{"i":[[0,0],[0,0],[0,0],[61.555,-23.753]],"o":[[0,0],[0,0],[0,0],[0,0]],"v":[[-18.546,-5.975],[71.509,-49.492],[71.509,53.982],[-30.884,101.055]],"c":false}]}],"ix":2},"nm":"Path 1","mn":"ADBE Vector Shape - Group","hd":false},{"ty":"st","c":{"a":0,"k":[0.26699999641,0.102000000898,0.211999990426,1],"ix":3},"o":{"a":0,"k":100,"ix":4},"w":{"a":0,"k":6,"ix":5},"lc":2,"lj":2,"bm":0,"nm":"Stroke 1","mn":"ADBE Vector Graphic - Stroke","hd":false},{"ty":"tr","p":{"a":0,"k":[397.036,116.055],"ix":2},"a":{"a":0,"k":[0,0],"ix":1},"s":{"a":0,"k":[100,100],"ix":3},"r":{"a":0,"k":0,"ix":6},"o":{"a":0,"k":100,"ix":7},"sk":{"a":0,"k":0,"ix":4},"sa":{"a":0,"k":0,"ix":5},"nm":"Transform"}],"nm":"Group 2","np":2,"cix":2,"bm":0,"ix":2,"mn":"ADBE Vector Group","hd":false},{"ty":"gr","it":[{"ind":0,"ty":"sh","ix":1,"ks":{"a":0,"k":{"i":[[0,0],[-45.358,0],[-21.188,11.791]],"o":[[21.189,11.791],[45.358,0],[0,0]],"v":[[-106.146,-9.862],[0,9.862],[106.146,-9.862]],"c":false},"ix":2},"nm":"Path 1","mn":"ADBE Vector Shape - Group","hd":false},{"ty":"st","c":{"a":0,"k":[0.26699999641,0.102000000898,0.211999990426,1],"ix":3},"o":{"a":0,"k":100,"ix":4},"w":{"a":0,"k":6,"ix":5},"lc":2,"lj":2,"bm":0,"nm":"Stroke 1","mn":"ADBE Vector Graphic - Stroke","hd":false},{"ty":"tr","p":{"a":0,"k":[221.176,226.972],"ix":2},"a":{"a":0,"k":[0,0],"ix":1},"s":{"a":0,"k":[100,100],"ix":3},"r":{"a":0,"k":0,"ix":6},"o":{"a":0,"k":100,"ix":7},"sk":{"a":0,"k":0,"ix":4},"sa":{"a":0,"k":0,"ix":5},"nm":"Transform"}],"nm":"Group 3","np":2,"cix":2,"bm":0,"ix":3,"mn":"ADBE Vector Group","hd":false},{"ty":"gr","it":[{"ind":0,"ty":"sh","ix":1,"ks":{"a":0,"k":{"i":[[0,0],[-50.996,0],[-23.823,11.791]],"o":[[23.822,11.791],[50.996,0],[0,0]],"v":[[-119.34,-9.862],[0,9.862],[119.34,-9.862]],"c":false},"ix":2},"nm":"Path 1","mn":"ADBE Vector Shape - Group","hd":false},{"ty":"st","c":{"a":0,"k":[0.26699999641,0.102000000898,0.211999990426,1],"ix":3},"o":{"a":0,"k":100,"ix":4},"w":{"a":0,"k":6,"ix":5},"lc":2,"lj":2,"bm":0,"nm":"Stroke 1","mn":"ADBE Vector Graphic - Stroke","hd":false},{"ty":"tr","p":{"a":0,"k":[221.176,171.456],"ix":2},"a":{"a":0,"k":[0,0],"ix":1},"s":{"a":0,"k":[100,100],"ix":3},"r":{"a":0,"k":0,"ix":6},"o":{"a":0,"k":100,"ix":7},"sk":{"a":0,"k":0,"ix":4},"sa":{"a":0,"k":0,"ix":5},"nm":"Transform"}],"nm":"Group 4","np":2,"cix":2,"bm":0,"ix":4,"mn":"ADBE Vector Group","hd":false},{"ty":"gr","it":[{"ind":0,"ty":"sh","ix":1,"ks":{"a":0,"k":{"i":[[0,0],[0,0],[0,0],[104.643,-9.05],[0,0],[0,0],[0,0],[-86.882,0],[0,75.106]],"o":[[0,0],[0,0],[-104.643,-9.05],[0,0],[0,0],[0,0],[0,75.106],[86.881,0],[0,0]],"v":[[157.313,-36.396],[157.314,-36.396],[157.314,-90.547],[-157.313,-90.547],[-157.313,-36.396],[-157.312,-36.396],[-157.314,-36.396],[0.001,99.597],[157.314,-36.396]],"c":true},"ix":2},"nm":"Path 1","mn":"ADBE Vector Shape - Group","hd":false},{"ty":"st","c":{"a":0,"k":[0.26699999641,0.102000000898,0.211999990426,1],"ix":3},"o":{"a":0,"k":100,"ix":4},"w":{"a":0,"k":6,"ix":5},"lc":2,"lj":2,"bm":0,"nm":"Stroke 1","mn":"ADBE Vector Graphic - Stroke","hd":false},{"ty":"tr","p":{"a":0,"k":[221.175,200.627],"ix":2},"a":{"a":0,"k":[0,0],"ix":1},"s":{"a":0,"k":[100,100],"ix":3},"r":{"a":0,"k":0,"ix":6},"o":{"a":0,"k":100,"ix":7},"sk":{"a":0,"k":0,"ix":4},"sa":{"a":0,"k":0,"ix":5},"nm":"Transform"}],"nm":"Group 5","np":2,"cix":2,"bm":0,"ix":5,"mn":"ADBE Vector Group","hd":false},{"ty":"gr","it":[{"ind":0,"ty":"sh","ix":1,"ks":{"a":0,"k":{"i":[[0,0],[104.677,-9.025]],"o":[[-104.676,-9.025],[0,0]],"v":[[157.314,4.512],[-157.314,4.512]],"c":false},"ix":2},"nm":"Path 1","mn":"ADBE Vector Shape - Group","hd":false},{"ty":"st","c":{"a":0,"k":[1,1,1,1],"ix":3},"o":{"a":0,"k":100,"ix":4},"w":{"a":0,"k":6,"ix":5},"lc":2,"lj":2,"bm":0,"nm":"Stroke 1","mn":"ADBE Vector Graphic - Stroke","hd":false},{"ty":"tr","p":{"a":0,"k":[221.176,127.765],"ix":2},"a":{"a":0,"k":[0,0],"ix":1},"s":{"a":0,"k":[100,100],"ix":3},"r":{"a":0,"k":0,"ix":6},"o":{"a":0,"k":100,"ix":7},"sk":{"a":0,"k":0,"ix":4},"sa":{"a":0,"k":0,"ix":5},"nm":"Transform"}],"nm":"Group 6","np":2,"cix":2,"bm":0,"ix":6,"mn":"ADBE Vector Group","hd":false},{"ty":"gr","it":[{"ind":0,"ty":"sh","ix":1,"ks":{"a":0,"k":{"i":[[0,0],[0,0],[0,0]],"o":[[0,0],[0,0],[0,0]],"v":[[378.49,143.684],[378.49,143.684],[378.488,143.684]],"c":true},"ix":2},"nm":"Path 1","mn":"ADBE Vector Shape - Group","hd":false},{"ty":"fl","c":{"a":0,"k":[0.560999971278,0.936999990426,0.875,1],"ix":4},"o":{"a":0,"k":100,"ix":5},"r":1,"bm":0,"nm":"Fill 1","mn":"ADBE Vector Graphic - Fill","hd":false},{"ty":"tr","p":{"a":0,"k":[0,0],"ix":2},"a":{"a":0,"k":[0,0],"ix":1},"s":{"a":0,"k":[100,100],"ix":3},"r":{"a":0,"k":0,"ix":6},"o":{"a":0,"k":100,"ix":7},"sk":{"a":0,"k":0,"ix":4},"sa":{"a":0,"k":0,"ix":5},"nm":"Transform"}],"nm":"Group 7","np":4,"cix":2,"bm":0,"ix":7,"mn":"ADBE Vector Group","hd":false},{"ty":"gr","it":[{"ind":0,"ty":"sh","ix":1,"ks":{"a":0,"k":{"i":[[0,0],[0,0]],"o":[[0,0],[0,0]],"v":[[63.863,143.684],[63.862,143.684]],"c":true},"ix":2},"nm":"Path 1","mn":"ADBE Vector Shape - Group","hd":false},{"ty":"fl","c":{"a":0,"k":[0.560999971278,0.936999990426,0.875,1],"ix":4},"o":{"a":0,"k":100,"ix":5},"r":1,"bm":0,"nm":"Fill 1","mn":"ADBE Vector Graphic - Fill","hd":false},{"ty":"tr","p":{"a":0,"k":[0,0],"ix":2},"a":{"a":0,"k":[0,0],"ix":1},"s":{"a":0,"k":[100,100],"ix":3},"r":{"a":0,"k":0,"ix":6},"o":{"a":0,"k":100,"ix":7},"sk":{"a":0,"k":0,"ix":4},"sa":{"a":0,"k":0,"ix":5},"nm":"Transform"}],"nm":"Group 8","np":4,"cix":2,"bm":0,"ix":8,"mn":"ADBE Vector Group","hd":false},{"ty":"gr","it":[{"ind":0,"ty":"sh","ix":1,"ks":{"a":0,"k":{"i":[[86.882,0],[0.015,60.61],[0,0],[0,0],[0,0],[-86.882,0],[0,75.107],[0,0],[0,0],[0,0]],"o":[[-86.872,0],[0,0],[0,0],[0,0],[0,75.107],[86.882,0],[0,0],[0,0],[0,0],[0,60.62]],"v":[[0.001,31.493],[-157.313,-78.249],[-157.313,-57.723],[-157.312,-57.723],[-157.313,-57.723],[0.001,78.27],[157.313,-57.723],[157.312,-57.723],[157.313,-57.723],[157.313,-78.27]],"c":true},"ix":2},"nm":"Path 1","mn":"ADBE Vector Shape - Group","hd":false},{"ty":"fl","c":{"a":0,"k":[0.560999971278,0.936999990426,0.875,1],"ix":4},"o":{"a":0,"k":100,"ix":5},"r":1,"bm":0,"nm":"Fill 1","mn":"ADBE Vector Graphic - Fill","hd":false},{"ty":"tr","p":{"a":0,"k":[221.175,221.954],"ix":2},"a":{"a":0,"k":[0,0],"ix":1},"s":{"a":0,"k":[100,100],"ix":3},"r":{"a":0,"k":0,"ix":6},"o":{"a":0,"k":100,"ix":7},"sk":{"a":0,"k":0,"ix":4},"sa":{"a":0,"k":0,"ix":5},"nm":"Transform"}],"nm":"Group 9","np":4,"cix":2,"bm":0,"ix":9,"mn":"ADBE Vector Group","hd":false},{"ty":"gr","it":[{"ind":0,"ty":"sh","ix":1,"ks":{"a":0,"k":{"i":[[0,0],[0,0],[0,0],[104.643,-9.05],[0,0],[0,0],[0,0],[-86.882,0],[0,75.106]],"o":[[0,0],[0,0],[-104.643,-9.05],[0,0],[0,0],[0,0],[0,75.106],[86.881,0],[0,0]],"v":[[157.313,-36.396],[157.314,-36.396],[157.314,-90.547],[-157.313,-90.547],[-157.313,-36.396],[-157.312,-36.396],[-157.314,-36.396],[0.001,99.597],[157.314,-36.396]],"c":true},"ix":2},"nm":"Path 1","mn":"ADBE Vector Shape - Group","hd":false},{"ty":"fl","c":{"a":0,"k":[0.642999985639,0.987999949736,0.936999990426,1],"ix":4},"o":{"a":0,"k":100,"ix":5},"r":1,"bm":0,"nm":"Fill 2","mn":"ADBE Vector Graphic - Fill","hd":false},{"ty":"fl","c":{"a":0,"k":[0.642999985639,0.987999949736,0.936999990426,1],"ix":4},"o":{"a":0,"k":100,"ix":5},"r":1,"bm":0,"nm":"Fill 1","mn":"ADBE Vector Graphic - Fill","hd":false},{"ty":"tr","p":{"a":0,"k":[221.175,200.627],"ix":2},"a":{"a":0,"k":[0,0],"ix":1},"s":{"a":0,"k":[100,100],"ix":3},"r":{"a":0,"k":0,"ix":6},"o":{"a":0,"k":100,"ix":7},"sk":{"a":0,"k":0,"ix":4},"sa":{"a":0,"k":0,"ix":5},"nm":"Transform"}],"nm":"Group 10","np":5,"cix":2,"bm":0,"ix":10,"mn":"ADBE Vector Group","hd":false}],"ip":0,"op":180,"st":0,"bm":0},{"ddd":0,"ind":2,"ty":4,"nm":"face ","sr":1,"ks":{"o":{"a":0,"k":100,"ix":11},"r":{"a":0,"k":0,"ix":10},"p":{"a":1,"k":[{"i":{"x":0.667,"y":1},"o":{"x":0.333,"y":0},"t":0,"s":[500.821,543.228,0],"to":[0,5,0],"ti":[0,0,0]},{"i":{"x":0.667,"y":1},"o":{"x":0.333,"y":0},"t":43,"s":[500.821,573.228,0],"to":[0,0,0],"ti":[0,5,0]},{"t":70,"s":[500.821,543.228,0]}],"ix":2},"a":{"a":0,"k":[137.795,137.796,0],"ix":1},"s":{"a":0,"k":[100,100,100],"ix":6}},"ao":0,"shapes":[{"ty":"gr","it":[{"ind":0,"ty":"sh","ix":1,"ks":{"a":1,"k":[{"i":{"x":0.667,"y":1},"o":{"x":0.333,"y":0},"t":37,"s":[{"i":[[0,0],[18.992,0],[8.187,-5.566]],"o":[[-6.877,-8.186],[-15.064,0],[0,0]],"v":[[39.131,6.876],[-2.783,-6.876],[-39.131,2.293]],"c":false}]},{"i":{"x":0.667,"y":1},"o":{"x":0.333,"y":0},"t":43,"s":[{"i":[[0,0],[18.992,0],[8.187,-5.566]],"o":[[-6.877,-8.186],[-15.064,0],[0,0]],"v":[[39.131,18.876],[-2.783,5.124],[-39.131,14.293]],"c":false}]},{"t":50,"s":[{"i":[[0,0],[18.992,0],[8.187,-5.566]],"o":[[-6.877,-8.186],[-15.064,0],[0,0]],"v":[[39.131,6.876],[-2.783,-6.876],[-39.131,2.293]],"c":false}]}],"ix":2},"nm":"Path 1","mn":"ADBE Vector Shape - Group","hd":false},{"ty":"st","c":{"a":0,"k":[0.26699999641,0.102000000898,0.211999990426,1],"ix":3},"o":{"a":0,"k":100,"ix":4},"w":{"a":0,"k":6,"ix":5},"lc":2,"lj":2,"bm":0,"nm":"Stroke 1","mn":"ADBE Vector Graphic - Stroke","hd":false},{"ty":"tr","p":{"a":0,"k":[221.46,21.876],"ix":2},"a":{"a":0,"k":[0,0],"ix":1},"s":{"a":0,"k":[100,100],"ix":3},"r":{"a":0,"k":0,"ix":6},"o":{"a":0,"k":100,"ix":7},"sk":{"a":0,"k":0,"ix":4},"sa":{"a":0,"k":0,"ix":5},"nm":"Transform"}],"nm":"Group 1","np":2,"cix":2,"bm":0,"ix":1,"mn":"ADBE Vector Group","hd":false},{"ty":"gr","it":[{"ind":0,"ty":"sh","ix":1,"ks":{"a":1,"k":[{"i":{"x":0.667,"y":1},"o":{"x":0.333,"y":0},"t":37,"s":[{"i":[[-7.596,0],[0,-8.137],[7.596,0],[0,8.138]],"o":[[7.596,0],[0,8.138],[-7.596,0],[0,-8.137]],"v":[[0,-14.736],[13.754,0],[0,14.736],[-13.754,0]],"c":true}]},{"i":{"x":0.667,"y":1},"o":{"x":0.333,"y":0},"t":43,"s":[{"i":[[-7.596,0],[-0.511,-3.633],[7.596,0],[-0.132,3.331]],"o":[[7.596,0],[0.486,3.456],[-7.596,0],[0.17,-4.29]],"v":[[0,-5.486],[13.754,0],[0,4.236],[-13.754,0]],"c":true}]},{"t":50,"s":[{"i":[[-7.596,0],[0,-8.137],[7.596,0],[0,8.138]],"o":[[7.596,0],[0,8.138],[-7.596,0],[0,-8.137]],"v":[[0,-14.736],[13.754,0],[0,14.736],[-13.754,0]],"c":true}]}],"ix":2},"nm":"Path 1","mn":"ADBE Vector Shape - Group","hd":false},{"ty":"fl","c":{"a":0,"k":[0.26699999641,0.102000000898,0.211999990426,1],"ix":4},"o":{"a":0,"k":100,"ix":5},"r":1,"bm":0,"nm":"Fill 1","mn":"ADBE Vector Graphic - Fill","hd":false},{"ty":"tr","p":{"a":0,"k":[213.11,59.862],"ix":2},"a":{"a":0,"k":[0,0],"ix":1},"s":{"a":0,"k":[100,100],"ix":3},"r":{"a":0,"k":0,"ix":6},"o":{"a":0,"k":100,"ix":7},"sk":{"a":0,"k":0,"ix":4},"sa":{"a":0,"k":0,"ix":5},"nm":"Transform"}],"nm":"Group 2","np":4,"cix":2,"bm":0,"ix":2,"mn":"ADBE Vector Group","hd":false},{"ty":"gr","it":[{"ind":0,"ty":"sh","ix":1,"ks":{"a":1,"k":[{"i":{"x":0.667,"y":1},"o":{"x":0.333,"y":0},"t":37,"s":[{"i":[[-7.596,0],[0,-8.137],[7.596,0],[0,8.138]],"o":[[7.596,0],[0,8.138],[-7.596,0],[0,-8.137]],"v":[[0,-14.736],[13.754,0],[0,14.736],[-13.754,0]],"c":true}]},{"i":{"x":0.667,"y":1},"o":{"x":0.333,"y":0},"t":43,"s":[{"i":[[-7.596,0],[-0.014,-4.169],[7.596,0],[-0.507,3.956]],"o":[[7.596,0],[0.014,4.09],[-7.596,0],[0.261,-2.041]],"v":[[0,-5.486],[13.754,0],[0,3.736],[-13.754,0]],"c":true}]},{"t":50,"s":[{"i":[[-7.596,0],[0,-8.137],[7.596,0],[0,8.138]],"o":[[7.596,0],[0,8.138],[-7.596,0],[0,-8.137]],"v":[[0,-14.736],[13.754,0],[0,14.736],[-13.754,0]],"c":true}]}],"ix":2},"nm":"Path 1","mn":"ADBE Vector Shape - Group","hd":false},{"ty":"st","c":{"a":0,"k":[0,0,0,1],"ix":3},"o":{"a":0,"k":100,"ix":4},"w":{"a":0,"k":2,"ix":5},"lc":2,"lj":2,"bm":0,"nm":"Stroke 1","mn":"ADBE Vector Graphic - Stroke","hd":false},{"ty":"tr","p":{"a":0,"k":[213.11,59.862],"ix":2},"a":{"a":0,"k":[0,0],"ix":1},"s":{"a":0,"k":[100,100],"ix":3},"r":{"a":0,"k":0,"ix":6},"o":{"a":0,"k":100,"ix":7},"sk":{"a":0,"k":0,"ix":4},"sa":{"a":0,"k":0,"ix":5},"nm":"Transform"}],"nm":"Group 3","np":2,"cix":2,"bm":0,"ix":3,"mn":"ADBE Vector Group","hd":false},{"ty":"gr","it":[{"ind":0,"ty":"sh","ix":1,"ks":{"a":1,"k":[{"i":{"x":0.667,"y":1},"o":{"x":0.333,"y":0},"t":37,"s":[{"i":[[0,0],[-18.992,0],[-8.187,-5.566]],"o":[[6.877,-8.186],[15.064,0],[0,0]],"v":[[-39.131,6.876],[2.783,-6.876],[39.131,2.293]],"c":false}]},{"i":{"x":0.667,"y":1},"o":{"x":0.333,"y":0},"t":43,"s":[{"i":[[0,0],[-18.992,0],[-8.187,-5.566]],"o":[[6.877,-8.186],[15.064,0],[0,0]],"v":[[-39.131,18.876],[2.783,5.124],[39.131,14.293]],"c":false}]},{"t":50,"s":[{"i":[[0,0],[-18.992,0],[-8.187,-5.566]],"o":[[6.877,-8.186],[15.064,0],[0,0]],"v":[[-39.131,6.876],[2.783,-6.876],[39.131,2.293]],"c":false}]}],"ix":2},"nm":"Path 1","mn":"ADBE Vector Shape - Group","hd":false},{"ty":"st","c":{"a":0,"k":[0.26699999641,0.102000000898,0.211999990426,1],"ix":3},"o":{"a":0,"k":100,"ix":4},"w":{"a":0,"k":6,"ix":5},"lc":2,"lj":2,"bm":0,"nm":"Stroke 1","mn":"ADBE Vector Graphic - Stroke","hd":false},{"ty":"tr","p":{"a":0,"k":[54.131,21.876],"ix":2},"a":{"a":0,"k":[0,0],"ix":1},"s":{"a":0,"k":[100,100],"ix":3},"r":{"a":0,"k":0,"ix":6},"o":{"a":0,"k":100,"ix":7},"sk":{"a":0,"k":0,"ix":4},"sa":{"a":0,"k":0,"ix":5},"nm":"Transform"}],"nm":"Group 4","np":2,"cix":2,"bm":0,"ix":4,"mn":"ADBE Vector Group","hd":false},{"ty":"gr","it":[{"ind":0,"ty":"sh","ix":1,"ks":{"a":1,"k":[{"i":{"x":0.667,"y":1},"o":{"x":0.333,"y":0},"t":37,"s":[{"i":[[-7.596,0],[0,-8.137],[7.596,0],[0,8.138]],"o":[[7.596,0],[0,8.138],[-7.596,0],[0,-8.137]],"v":[[0,-14.736],[13.753,0],[0,14.736],[-13.753,0]],"c":true}]},{"i":{"x":0.667,"y":1},"o":{"x":0.333,"y":0},"t":43,"s":[{"i":[[-7.596,0],[-0.106,-3.425],[7.596,0],[0.601,4.543]],"o":[[7.596,0],[0.115,3.706],[-7.596,0],[-0.254,-1.919]],"v":[[0,-4.986],[13.753,0],[0,6.236],[-13.753,0]],"c":true}]},{"t":50,"s":[{"i":[[-7.596,0],[0,-8.137],[7.596,0],[0,8.138]],"o":[[7.596,0],[0,8.138],[-7.596,0],[0,-8.137]],"v":[[0,-14.736],[13.753,0],[0,14.736],[-13.753,0]],"c":true}]}],"ix":2},"nm":"Path 1","mn":"ADBE Vector Shape - Group","hd":false},{"ty":"fl","c":{"a":0,"k":[0.26699999641,0.102000000898,0.211999990426,1],"ix":4},"o":{"a":0,"k":100,"ix":5},"r":1,"bm":0,"nm":"Fill 1","mn":"ADBE Vector Graphic - Fill","hd":false},{"ty":"tr","p":{"a":0,"k":[62.481,59.862],"ix":2},"a":{"a":0,"k":[0,0],"ix":1},"s":{"a":0,"k":[100,100],"ix":3},"r":{"a":0,"k":0,"ix":6},"o":{"a":0,"k":100,"ix":7},"sk":{"a":0,"k":0,"ix":4},"sa":{"a":0,"k":0,"ix":5},"nm":"Transform"}],"nm":"Group 5","np":4,"cix":2,"bm":0,"ix":5,"mn":"ADBE Vector Group","hd":false},{"ty":"gr","it":[{"ind":0,"ty":"sh","ix":1,"ks":{"a":1,"k":[{"i":{"x":0.667,"y":1},"o":{"x":0.333,"y":0},"t":37,"s":[{"i":[[-7.596,0],[0,-8.137],[7.596,0],[0,8.138]],"o":[[7.596,0],[0,8.138],[-7.596,0],[0,-8.137]],"v":[[0,-14.736],[13.753,0],[0,14.736],[-13.753,0]],"c":true}]},{"i":{"x":0.667,"y":1},"o":{"x":0.333,"y":0},"t":43,"s":[{"i":[[-7.596,0],[0.009,-3.544],[7.596,0],[0.531,3.077]],"o":[[7.596,0],[-0.01,3.706],[-7.596,0],[-0.504,-2.919]],"v":[[-0.125,-4.611],[13.753,0],[-0.5,5.236],[-13.753,0]],"c":true}]},{"t":50,"s":[{"i":[[-7.596,0],[0,-8.137],[7.596,0],[0,8.138]],"o":[[7.596,0],[0,8.138],[-7.596,0],[0,-8.137]],"v":[[0,-14.736],[13.753,0],[0,14.736],[-13.753,0]],"c":true}]}],"ix":2},"nm":"Path 1","mn":"ADBE Vector Shape - Group","hd":false},{"ty":"st","c":{"a":0,"k":[0,0,0,1],"ix":3},"o":{"a":0,"k":100,"ix":4},"w":{"a":0,"k":2,"ix":5},"lc":2,"lj":2,"bm":0,"nm":"Stroke 1","mn":"ADBE Vector Graphic - Stroke","hd":false},{"ty":"tr","p":{"a":0,"k":[62.481,59.862],"ix":2},"a":{"a":0,"k":[0,0],"ix":1},"s":{"a":0,"k":[100,100],"ix":3},"r":{"a":0,"k":0,"ix":6},"o":{"a":0,"k":100,"ix":7},"sk":{"a":0,"k":0,"ix":4},"sa":{"a":0,"k":0,"ix":5},"nm":"Transform"}],"nm":"Group 6","np":2,"cix":2,"bm":0,"ix":6,"mn":"ADBE Vector Group","hd":false},{"ty":"gr","it":[{"ind":0,"ty":"sh","ix":1,"ks":{"a":0,"k":{"i":[[0,0],[34.383,6.222]],"o":[[4.912,34.056],[0,0]],"v":[[34.219,-32.091],[-39.131,25.869]],"c":false},"ix":2},"nm":"Path 1","mn":"ADBE Vector Shape - Group","hd":false},{"ty":"st","c":{"a":0,"k":[0.26699999641,0.102000000898,0.211999990426,1],"ix":3},"o":{"a":0,"k":100,"ix":4},"w":{"a":0,"k":6,"ix":5},"lc":2,"lj":2,"bm":0,"nm":"Stroke 1","mn":"ADBE Vector Graphic - Stroke","hd":false},{"ty":"tr","p":{"a":0,"k":[171.359,228.5],"ix":2},"a":{"a":0,"k":[0,0],"ix":1},"s":{"a":0,"k":[100,100],"ix":3},"r":{"a":0,"k":0,"ix":6},"o":{"a":0,"k":100,"ix":7},"sk":{"a":0,"k":0,"ix":4},"sa":{"a":0,"k":0,"ix":5},"nm":"Transform"}],"nm":"Group 7","np":2,"cix":2,"bm":0,"ix":7,"mn":"ADBE Vector Group","hd":false},{"ty":"gr","it":[{"ind":0,"ty":"sh","ix":1,"ks":{"a":0,"k":{"i":[[0,0],[0,0],[-16.372,-3.929]],"o":[[0,0],[0,4.912],[0,0]],"v":[[-2.456,-24.887],[-16.209,19.975],[16.209,24.887]],"c":false},"ix":2},"nm":"Path 1","mn":"ADBE Vector Shape - Group","hd":false},{"ty":"st","c":{"a":0,"k":[0.26699999641,0.102000000898,0.211999990426,1],"ix":3},"o":{"a":0,"k":100,"ix":4},"w":{"a":0,"k":6,"ix":5},"lc":2,"lj":2,"bm":0,"nm":"Stroke 1","mn":"ADBE Vector Graphic - Stroke","hd":false},{"ty":"tr","p":{"a":0,"k":[130.755,137.468],"ix":2},"a":{"a":0,"k":[0,0],"ix":1},"s":{"a":0,"k":[100,100],"ix":3},"r":{"a":0,"k":0,"ix":6},"o":{"a":0,"k":100,"ix":7},"sk":{"a":0,"k":0,"ix":4},"sa":{"a":0,"k":0,"ix":5},"nm":"Transform"}],"nm":"Group 8","np":2,"cix":2,"bm":0,"ix":8,"mn":"ADBE Vector Group","hd":false}],"ip":0,"op":180,"st":0,"bm":0},{"ddd":0,"ind":3,"ty":4,"nm":"ears ","sr":1,"ks":{"o":{"a":0,"k":100,"ix":11},"r":{"a":0,"k":0,"ix":10},"p":{"a":1,"k":[{"i":{"x":0.667,"y":1},"o":{"x":0.333,"y":0},"t":0,"s":[499.838,502.286,0],"to":[0,-5,0],"ti":[0,0,0]},{"i":{"x":0.667,"y":1},"o":{"x":0.333,"y":0},"t":43,"s":[499.838,472.286,0],"to":[0,0,0],"ti":[0,-5,0]},{"t":70,"s":[499.838,502.286,0]}],"ix":2},"a":{"a":0,"k":[262.882,68.702,0],"ix":1},"s":{"a":0,"k":[100,100,100],"ix":6}},"ao":0,"shapes":[{"ty":"gr","it":[{"ind":0,"ty":"sh","ix":1,"ks":{"a":0,"k":{"i":[[-22.922,0],[0,0],[0,29.799]],"o":[[0,0],[-22.922,0],[-0.327,-29.798]],"v":[[20.794,-53.702],[20.794,53.702],[-20.467,0]],"c":true},"ix":2},"nm":"Path 1","mn":"ADBE Vector Shape - Group","hd":false},{"ty":"st","c":{"a":0,"k":[0.26699999641,0.102000000898,0.211999990426,1],"ix":3},"o":{"a":0,"k":100,"ix":4},"w":{"a":0,"k":6,"ix":5},"lc":2,"lj":2,"bm":0,"nm":"Stroke 1","mn":"ADBE Vector Graphic - Stroke","hd":false},{"ty":"tr","p":{"a":0,"k":[35.794,68.702],"ix":2},"a":{"a":0,"k":[0,0],"ix":1},"s":{"a":0,"k":[100,100],"ix":3},"r":{"a":0,"k":0,"ix":6},"o":{"a":0,"k":100,"ix":7},"sk":{"a":0,"k":0,"ix":4},"sa":{"a":0,"k":0,"ix":5},"nm":"Transform"}],"nm":"Group 1","np":2,"cix":2,"bm":0,"ix":1,"mn":"ADBE Vector Group","hd":false},{"ty":"gr","it":[{"ind":0,"ty":"sh","ix":1,"ks":{"a":0,"k":{"i":[[0,0],[0,-19.32],[-12.116,-9.497]],"o":[[-11.788,9.496],[0,19.319],[0,0]],"v":[[9.988,-45.844],[-9.988,0],[9.988,45.844]],"c":true},"ix":2},"nm":"Path 1","mn":"ADBE Vector Shape - Group","hd":false},{"ty":"fl","c":{"a":0,"k":[1,0.842999985639,0.811999990426,1],"ix":4},"o":{"a":0,"k":100,"ix":5},"r":1,"bm":0,"nm":"Fill 1","mn":"ADBE Vector Graphic - Fill","hd":false},{"ty":"tr","p":{"a":0,"k":[46.6,68.702],"ix":2},"a":{"a":0,"k":[0,0],"ix":1},"s":{"a":0,"k":[100,100],"ix":3},"r":{"a":0,"k":0,"ix":6},"o":{"a":0,"k":100,"ix":7},"sk":{"a":0,"k":0,"ix":4},"sa":{"a":0,"k":0,"ix":5},"nm":"Transform"}],"nm":"Group 2","np":4,"cix":2,"bm":0,"ix":2,"mn":"ADBE Vector Group","hd":false},{"ty":"gr","it":[{"ind":0,"ty":"sh","ix":1,"ks":{"a":0,"k":{"i":[[-22.922,0],[0,0],[0,29.799]],"o":[[0,0],[-22.922,0],[-0.327,-29.798]],"v":[[20.794,-53.702],[20.794,53.702],[-20.467,0]],"c":true},"ix":2},"nm":"Path 1","mn":"ADBE Vector Shape - Group","hd":false},{"ty":"fl","c":{"a":0,"k":[1,0.944999964097,0.898000021542,1],"ix":4},"o":{"a":0,"k":100,"ix":5},"r":1,"bm":0,"nm":"Fill 1","mn":"ADBE Vector Graphic - Fill","hd":false},{"ty":"tr","p":{"a":0,"k":[35.794,68.702],"ix":2},"a":{"a":0,"k":[0,0],"ix":1},"s":{"a":0,"k":[100,100],"ix":3},"r":{"a":0,"k":0,"ix":6},"o":{"a":0,"k":100,"ix":7},"sk":{"a":0,"k":0,"ix":4},"sa":{"a":0,"k":0,"ix":5},"nm":"Transform"}],"nm":"Group 3","np":4,"cix":2,"bm":0,"ix":3,"mn":"ADBE Vector Group","hd":false},{"ty":"gr","it":[{"ind":0,"ty":"sh","ix":1,"ks":{"a":0,"k":{"i":[[22.922,0],[0,0],[0,29.799]],"o":[[0,0],[22.922,0],[0,-29.798]],"v":[[-20.629,-53.702],[-20.629,53.702],[20.629,0]],"c":true},"ix":2},"nm":"Path 1","mn":"ADBE Vector Shape - Group","hd":false},{"ty":"st","c":{"a":0,"k":[0.26699999641,0.102000000898,0.211999990426,1],"ix":3},"o":{"a":0,"k":100,"ix":4},"w":{"a":0,"k":6,"ix":5},"lc":2,"lj":2,"bm":0,"nm":"Stroke 1","mn":"ADBE Vector Graphic - Stroke","hd":false},{"ty":"tr","p":{"a":0,"k":[490.135,68.702],"ix":2},"a":{"a":0,"k":[0,0],"ix":1},"s":{"a":0,"k":[100,100],"ix":3},"r":{"a":0,"k":0,"ix":6},"o":{"a":0,"k":100,"ix":7},"sk":{"a":0,"k":0,"ix":4},"sa":{"a":0,"k":0,"ix":5},"nm":"Transform"}],"nm":"Group 4","np":2,"cix":2,"bm":0,"ix":4,"mn":"ADBE Vector Group","hd":false},{"ty":"gr","it":[{"ind":0,"ty":"sh","ix":1,"ks":{"a":0,"k":{"i":[[13.425,8.841],[0,0],[0,20.958]],"o":[[0,0],[13.425,-8.841],[0,-20.629]],"v":[[-11.297,-47.644],[-11.297,47.644],[11.297,-0.164]],"c":true},"ix":2},"nm":"Path 1","mn":"ADBE Vector Shape - Group","hd":false},{"ty":"fl","c":{"a":0,"k":[1,0.842999985639,0.811999990426,1],"ix":4},"o":{"a":0,"k":100,"ix":5},"r":1,"bm":0,"nm":"Fill 1","mn":"ADBE Vector Graphic - Fill","hd":false},{"ty":"tr","p":{"a":0,"k":[480.803,68.539],"ix":2},"a":{"a":0,"k":[0,0],"ix":1},"s":{"a":0,"k":[100,100],"ix":3},"r":{"a":0,"k":0,"ix":6},"o":{"a":0,"k":100,"ix":7},"sk":{"a":0,"k":0,"ix":4},"sa":{"a":0,"k":0,"ix":5},"nm":"Transform"}],"nm":"Group 5","np":4,"cix":2,"bm":0,"ix":5,"mn":"ADBE Vector Group","hd":false},{"ty":"gr","it":[{"ind":0,"ty":"sh","ix":1,"ks":{"a":0,"k":{"i":[[22.922,0],[0,0],[0,29.799]],"o":[[0,0],[22.922,0],[0,-29.798]],"v":[[-20.629,-53.702],[-20.629,53.702],[20.629,0]],"c":true},"ix":2},"nm":"Path 1","mn":"ADBE Vector Shape - Group","hd":false},{"ty":"fl","c":{"a":0,"k":[1,0.944999964097,0.898000021542,1],"ix":4},"o":{"a":0,"k":100,"ix":5},"r":1,"bm":0,"nm":"Fill 1","mn":"ADBE Vector Graphic - Fill","hd":false},{"ty":"tr","p":{"a":0,"k":[490.135,68.702],"ix":2},"a":{"a":0,"k":[0,0],"ix":1},"s":{"a":0,"k":[100,100],"ix":3},"r":{"a":0,"k":0,"ix":6},"o":{"a":0,"k":100,"ix":7},"sk":{"a":0,"k":0,"ix":4},"sa":{"a":0,"k":0,"ix":5},"nm":"Transform"}],"nm":"Group 6","np":4,"cix":2,"bm":0,"ix":6,"mn":"ADBE Vector Group","hd":false}],"ip":0,"op":180,"st":0,"bm":0},{"ddd":0,"ind":4,"ty":4,"nm":"hair strings","parent":5,"sr":1,"ks":{"o":{"a":0,"k":100,"ix":11},"r":{"a":0,"k":0,"ix":10},"p":{"a":0,"k":[253.222,207.391,0],"ix":2},"a":{"a":0,"k":[253.222,207.391,0],"ix":1},"s":{"a":0,"k":[100,100,100],"ix":6}},"ao":0,"shapes":[{"ty":"gr","it":[{"ind":0,"ty":"sh","ix":1,"ks":{"a":0,"k":{"i":[[0,0],[44.534,94.306]],"o":[[0,0],[0,0]],"v":[[107.732,52.556],[-107.732,-52.556]],"c":false},"ix":2},"nm":"Path 1","mn":"ADBE Vector Shape - Group","hd":false},{"ty":"st","c":{"a":0,"k":[0.26699999641,0.102000000898,0.211999990426,1],"ix":3},"o":{"a":0,"k":100,"ix":4},"w":{"a":0,"k":6,"ix":5},"lc":2,"lj":2,"bm":0,"nm":"Stroke 1","mn":"ADBE Vector Graphic - Stroke","hd":false},{"ty":"tr","p":{"a":0,"k":[147.618,155.314],"ix":2},"a":{"a":0,"k":[0,0],"ix":1},"s":{"a":0,"k":[100,100],"ix":3},"r":{"a":0,"k":0,"ix":6},"o":{"a":0,"k":100,"ix":7},"sk":{"a":0,"k":0,"ix":4},"sa":{"a":0,"k":0,"ix":5},"nm":"Transform"}],"nm":"Group 1","np":2,"cix":2,"bm":0,"ix":1,"mn":"ADBE Vector Group","hd":false},{"ty":"gr","it":[{"ind":0,"ty":"sh","ix":1,"ks":{"a":0,"k":{"i":[[0,0],[37.658,94.307]],"o":[[0,0],[0,0]],"v":[[107.568,35.692],[-107.568,-47.154]],"c":false},"ix":2},"nm":"Path 1","mn":"ADBE Vector Shape - Group","hd":false},{"ty":"st","c":{"a":0,"k":[0.26699999641,0.102000000898,0.211999990426,1],"ix":3},"o":{"a":0,"k":100,"ix":4},"w":{"a":0,"k":6,"ix":5},"lc":2,"lj":2,"bm":0,"nm":"Stroke 1","mn":"ADBE Vector Graphic - Stroke","hd":false},{"ty":"tr","p":{"a":0,"k":[122.568,194.771],"ix":2},"a":{"a":0,"k":[0,0],"ix":1},"s":{"a":0,"k":[100,100],"ix":3},"r":{"a":0,"k":0,"ix":6},"o":{"a":0,"k":100,"ix":7},"sk":{"a":0,"k":0,"ix":4},"sa":{"a":0,"k":0,"ix":5},"nm":"Transform"}],"nm":"Group 2","np":2,"cix":2,"bm":0,"ix":2,"mn":"ADBE Vector Group","hd":false}],"ip":0,"op":180,"st":0,"bm":0},{"ddd":0,"ind":5,"ty":4,"nm":"hair ","sr":1,"ks":{"o":{"a":0,"k":100,"ix":11},"r":{"a":0,"k":0,"ix":10},"p":{"a":0,"k":[497.816,187.061,0],"ix":2},"a":{"a":0,"k":[259.222,120.391,0],"ix":1},"s":{"a":1,"k":[{"i":{"x":[0.667,0.667,0.667],"y":[1,1,1]},"o":{"x":[0.333,0.333,0.333],"y":[0,0,0]},"t":0,"s":[100,100,100]},{"i":{"x":[0.667,0.667,0.667],"y":[1,1,1]},"o":{"x":[0.333,0.333,0.333],"y":[0,0,0]},"t":43,"s":[100.398,109.103,100]},{"t":70,"s":[100,100,100]}],"ix":6}},"ao":0,"shapes":[{"ty":"gr","it":[{"ind":0,"ty":"sh","ix":1,"ks":{"a":0,"k":{"i":[[76.297,-37.003],[136.875,-121.813],[0,-29.799],[0,0],[0,0],[0,0],[-7.204,0],[-54.031,-9.496],[-16.045,5.567],[-34.71,38.312],[0,0],[0,-8.187],[0,0],[0,0],[0,0]],"o":[[0,0],[-25.541,22.593],[0,0],[0,0],[0,0],[0,-8.514],[11.789,0],[81.536,14.08],[27.506,-9.823],[0,0],[7.204,0],[0,0],[0,0],[0,0],[-0.654,-38.639]],"v":[[108.224,-83.35],[-194.016,-70.578],[-229.708,14.232],[-229.708,192.064],[-206.786,192.064],[-206.786,77.455],[-193.688,62.392],[-64.017,105.944],[107.896,76.8],[192.378,62.719],[193.69,62.719],[206.786,77.783],[206.786,192.392],[229.708,192.392],[229.708,15.214]],"c":true},"ix":2},"nm":"Path 1","mn":"ADBE Vector Shape - Group","hd":false},{"ty":"st","c":{"a":0,"k":[0.26699999641,0.102000000898,0.211999990426,1],"ix":3},"o":{"a":0,"k":100,"ix":4},"w":{"a":0,"k":6,"ix":5},"lc":2,"lj":2,"bm":0,"nm":"Stroke 1","mn":"ADBE Vector Graphic - Stroke","hd":false},{"ty":"tr","p":{"a":0,"k":[261.736,207.392],"ix":2},"a":{"a":0,"k":[0,0],"ix":1},"s":{"a":0,"k":[100,100],"ix":3},"r":{"a":0,"k":0,"ix":6},"o":{"a":0,"k":100,"ix":7},"sk":{"a":0,"k":0,"ix":4},"sa":{"a":0,"k":0,"ix":5},"nm":"Transform"}],"nm":"Group 3","np":2,"cix":2,"bm":0,"ix":1,"mn":"ADBE Vector Group","hd":false},{"ty":"gr","it":[{"ind":0,"ty":"sh","ix":1,"ks":{"a":0,"k":{"i":[[76.297,-37.003],[136.875,-121.813],[0,-29.799],[0,0],[0,0],[0,0],[-7.204,0],[-54.031,-9.496],[-16.045,5.567],[-34.71,38.312],[0,0],[0,-8.187],[0,0],[0,0],[0,0]],"o":[[0,0],[-25.541,22.593],[0,0],[0,0],[0,0],[0,-8.514],[11.789,0],[81.536,14.08],[27.506,-9.823],[0,0],[7.204,0],[0,0],[0,0],[0,0],[-0.654,-38.639]],"v":[[108.224,-83.35],[-194.016,-70.578],[-229.708,14.232],[-229.708,192.064],[-206.786,192.064],[-206.786,77.455],[-193.688,62.392],[-64.017,105.944],[107.896,76.8],[192.378,62.719],[193.69,62.719],[206.786,77.783],[206.786,192.392],[229.708,192.392],[229.708,15.214]],"c":true},"ix":2},"nm":"Path 1","mn":"ADBE Vector Shape - Group","hd":false},{"ty":"fl","c":{"a":0,"k":[0.827000038297,0.442999985639,0.340999977261,1],"ix":4},"o":{"a":0,"k":100,"ix":5},"r":1,"bm":0,"nm":"Fill 1","mn":"ADBE Vector Graphic - Fill","hd":false},{"ty":"tr","p":{"a":0,"k":[261.736,207.392],"ix":2},"a":{"a":0,"k":[0,0],"ix":1},"s":{"a":0,"k":[100,100],"ix":3},"r":{"a":0,"k":0,"ix":6},"o":{"a":0,"k":100,"ix":7},"sk":{"a":0,"k":0,"ix":4},"sa":{"a":0,"k":0,"ix":5},"nm":"Transform"}],"nm":"Group 4","np":4,"cix":2,"bm":0,"ix":2,"mn":"ADBE Vector Group","hd":false}],"ip":0,"op":180,"st":0,"bm":0},{"ddd":0,"ind":6,"ty":4,"nm":"head ","sr":1,"ks":{"o":{"a":0,"k":100,"ix":11},"r":{"a":0,"k":0,"ix":10},"p":{"a":0,"k":[499.838,533.588,0],"ix":2},"a":{"a":0,"k":[221.624,238.97,0],"ix":1},"s":{"a":0,"k":[100,100,100],"ix":6}},"ao":0,"shapes":[{"ty":"gr","it":[{"ind":0,"ty":"sh","ix":1,"ks":{"a":1,"k":[{"i":{"x":0.667,"y":1},"o":{"x":0.333,"y":0},"t":0,"s":[{"i":[[-6.222,7.532],[0.327,11.134],[137.203,12.115],[0.983,-12.77],[-6.221,-5.567],[-6.221,-3.275],[-36.674,-7.204],[-14.409,0.328],[-21.939,10.15],[-1.636,0.327],[-1.965,0],[-5.566,-0.982],[-9.496,0.656],[-9.496,6.222]],"o":[[-0.654,-11.133],[-137.531,6.549],[-0.982,12.77],[6.222,5.568],[5.24,2.62],[27.506,14.408],[13.425,2.619],[61.888,-0.654],[3.275,-1.638],[1.311,-0.656],[3.93,0],[7.204,1.637],[10.807,-0.655],[5.567,-7.859]],"v":[[208.588,-14.081],[206.951,-47.809],[-205.968,-54.357],[-208.588,-16.046],[-189.596,0.982],[-171.258,10.479],[-68.765,50.428],[-26.85,54.029],[109.042,18.665],[116.573,15.391],[121.158,14.408],[135.238,16.373],[160.452,18.992],[190.578,8.841]],"c":true}]},{"i":{"x":0.667,"y":1},"o":{"x":0.333,"y":0},"t":43,"s":[{"i":[[-6.222,7.532],[0.327,11.134],[137.203,12.115],[0.983,-12.77],[-6.221,-5.567],[-6.221,-3.275],[-36.674,-7.204],[-14.409,0.328],[-21.939,10.15],[-1.636,0.327],[-1.965,0],[-5.566,-0.982],[-9.496,0.656],[-9.496,6.222]],"o":[[-0.654,-11.133],[-137.531,6.549],[-0.982,12.77],[6.222,5.568],[5.24,2.62],[27.506,14.408],[13.425,2.619],[61.888,-0.654],[3.275,-1.638],[1.311,-0.656],[3.93,0],[7.204,1.637],[10.807,-0.655],[5.567,-7.859]],"v":[[208.588,5.919],[206.951,-27.809],[-205.968,-34.357],[-208.588,3.954],[-189.596,20.982],[-171.258,30.479],[-68.765,70.428],[-26.85,74.029],[109.042,38.665],[116.573,35.391],[121.158,34.408],[135.238,36.373],[160.452,38.992],[190.578,28.841]],"c":true}]},{"t":70,"s":[{"i":[[-6.222,7.532],[0.327,11.134],[137.203,12.115],[0.983,-12.77],[-6.221,-5.567],[-6.221,-3.275],[-36.674,-7.204],[-14.409,0.328],[-21.939,10.15],[-1.636,0.327],[-1.965,0],[-5.566,-0.982],[-9.496,0.656],[-9.496,6.222]],"o":[[-0.654,-11.133],[-137.531,6.549],[-0.982,12.77],[6.222,5.568],[5.24,2.62],[27.506,14.408],[13.425,2.619],[61.888,-0.654],[3.275,-1.638],[1.311,-0.656],[3.93,0],[7.204,1.637],[10.807,-0.655],[5.567,-7.859]],"v":[[208.588,-14.081],[206.951,-47.809],[-205.968,-54.357],[-208.588,-16.046],[-189.596,0.982],[-171.258,10.479],[-68.765,50.428],[-26.85,54.029],[109.042,18.665],[116.573,15.391],[121.158,14.408],[135.238,16.373],[160.452,18.992],[190.578,8.841]],"c":true}]}],"ix":2},"nm":"Path 1","mn":"ADBE Vector Shape - Group","hd":false},{"ty":"fl","c":{"a":0,"k":[1,0.842999985639,0.811999990426,1],"ix":4},"o":{"a":0,"k":100,"ix":5},"r":1,"bm":0,"nm":"Fill 1","mn":"ADBE Vector Graphic - Fill","hd":false},{"ty":"tr","p":{"a":0,"k":[221.296,54.607],"ix":2},"a":{"a":0,"k":[0,0],"ix":1},"s":{"a":0,"k":[100,100],"ix":3},"r":{"a":0,"k":0,"ix":6},"o":{"a":0,"k":100,"ix":7},"sk":{"a":0,"k":0,"ix":4},"sa":{"a":0,"k":0,"ix":5},"nm":"Transform"}],"nm":"Group 1","np":4,"cix":2,"bm":0,"ix":1,"mn":"ADBE Vector Group","hd":false},{"ty":"gr","it":[{"ind":0,"ty":"sh","ix":1,"ks":{"a":0,"k":{"i":[[114.281,0],[0,0],[0,114.281],[0,0],[0,0],[0,0]],"o":[[0,0],[-113.954,0],[0,0],[0,0],[0,0],[0,113.954]],"v":[[0.001,223.159],[0.001,223.159],[-206.623,16.536],[-206.623,-223.159],[206.623,-223.159],[206.623,16.536]],"c":true},"ix":2},"nm":"Path 1","mn":"ADBE Vector Shape - Group","hd":false},{"ty":"st","c":{"a":0,"k":[0.26699999641,0.102000000898,0.211999990426,1],"ix":3},"o":{"a":0,"k":100,"ix":4},"w":{"a":0,"k":6,"ix":5},"lc":2,"lj":2,"bm":0,"nm":"Stroke 1","mn":"ADBE Vector Graphic - Stroke","hd":false},{"ty":"tr","p":{"a":0,"k":[221.623,239.782],"ix":2},"a":{"a":0,"k":[0,0],"ix":1},"s":{"a":0,"k":[100,100],"ix":3},"r":{"a":0,"k":0,"ix":6},"o":{"a":0,"k":100,"ix":7},"sk":{"a":0,"k":0,"ix":4},"sa":{"a":0,"k":0,"ix":5},"nm":"Transform"}],"nm":"Group 2","np":2,"cix":2,"bm":0,"ix":2,"mn":"ADBE Vector Group","hd":false},{"ty":"gr","it":[{"ind":0,"ty":"sh","ix":1,"ks":{"a":0,"k":{"i":[[114.281,0],[0,0],[0,114.281],[0,0],[-114.281,0],[0,114.281],[0,0]],"o":[[0,0],[-113.954,0],[0,0],[0,113.954],[113.953,0],[0,0],[0,113.954]],"v":[[0.001,89.067],[0.001,89.067],[-206.623,-117.555],[-206.623,-89.067],[0.001,117.556],[206.623,-89.067],[206.623,-117.555]],"c":true},"ix":2},"nm":"Path 1","mn":"ADBE Vector Shape - Group","hd":false},{"ty":"fl","c":{"a":0,"k":[1,0.842999985639,0.811999990426,1],"ix":4},"o":{"a":0,"k":100,"ix":5},"r":1,"bm":0,"nm":"Fill 1","mn":"ADBE Vector Graphic - Fill","hd":false},{"ty":"tr","p":{"a":0,"k":[221.623,345.385],"ix":2},"a":{"a":0,"k":[0,0],"ix":1},"s":{"a":0,"k":[100,100],"ix":3},"r":{"a":0,"k":0,"ix":6},"o":{"a":0,"k":100,"ix":7},"sk":{"a":0,"k":0,"ix":4},"sa":{"a":0,"k":0,"ix":5},"nm":"Transform"}],"nm":"Group 3","np":4,"cix":2,"bm":0,"ix":3,"mn":"ADBE Vector Group","hd":false},{"ty":"gr","it":[{"ind":0,"ty":"sh","ix":1,"ks":{"a":0,"k":{"i":[[114.281,0],[0,0],[0,114.281],[0,0],[0,0],[0,0]],"o":[[0,0],[-113.954,0],[0,0],[0,0],[0,0],[0,113.954]],"v":[[0.001,223.159],[0.001,223.159],[-206.623,16.536],[-206.623,-223.159],[206.623,-223.159],[206.623,16.536]],"c":true},"ix":2},"nm":"Path 1","mn":"ADBE Vector Shape - Group","hd":false},{"ty":"fl","c":{"a":0,"k":[1,0.944999964097,0.898000021542,1],"ix":4},"o":{"a":0,"k":100,"ix":5},"r":1,"bm":0,"nm":"Fill 1","mn":"ADBE Vector Graphic - Fill","hd":false},{"ty":"tr","p":{"a":0,"k":[221.623,239.782],"ix":2},"a":{"a":0,"k":[0,0],"ix":1},"s":{"a":0,"k":[100,100],"ix":3},"r":{"a":0,"k":0,"ix":6},"o":{"a":0,"k":100,"ix":7},"sk":{"a":0,"k":0,"ix":4},"sa":{"a":0,"k":0,"ix":5},"nm":"Transform"}],"nm":"Group 4","np":4,"cix":2,"bm":0,"ix":4,"mn":"ADBE Vector Group","hd":false}],"ip":0,"op":180,"st":0,"bm":0},{"ddd":0,"ind":7,"ty":4,"nm":"shadow ","sr":1,"ks":{"o":{"a":0,"k":100,"ix":11},"r":{"a":0,"k":0,"ix":10},"p":{"a":0,"k":[500,821.156,0],"ix":2},"a":{"a":0,"k":[258.595,45.448,0],"ix":1},"s":{"a":0,"k":[100,100,100],"ix":6}},"ao":0,"shapes":[{"ty":"gr","it":[{"ind":0,"ty":"sh","ix":1,"ks":{"a":0,"k":{"i":[[0,-24.962],[142.68,0],[0,24.962],[-142.679,0]],"o":[[0,24.962],[-142.679,0],[0,-24.962],[142.68,0]],"v":[[258.345,-0.001],[0,45.198],[-258.345,-0.001],[0,-45.198]],"c":true},"ix":2},"nm":"Path 1","mn":"ADBE Vector Shape - Group","hd":false},{"ty":"fl","c":{"a":0,"k":[0.894000004787,0.910000011968,0.925,1],"ix":4},"o":{"a":0,"k":100,"ix":5},"r":1,"bm":0,"nm":"Fill 1","mn":"ADBE Vector Graphic - Fill","hd":false},{"ty":"tr","p":{"a":0,"k":[258.595,45.448],"ix":2},"a":{"a":0,"k":[0,0],"ix":1},"s":{"a":0,"k":[100,100],"ix":3},"r":{"a":0,"k":0,"ix":6},"o":{"a":0,"k":100,"ix":7},"sk":{"a":0,"k":0,"ix":4},"sa":{"a":0,"k":0,"ix":5},"nm":"Transform"}],"nm":"Group 1","np":4,"cix":2,"bm":0,"ix":1,"mn":"ADBE Vector Group","hd":false}],"ip":0,"op":180,"st":0,"bm":0}],"markers":[]}