{"v":"5.5.8","fr":30,"ip":0,"op":94,"w":214,"h":184,"nm":"Arrow","ddd":0,"assets":[],"layers":[{"ddd":0,"ind":1,"ty":4,"nm":"Layer 2 Outlines","sr":1,"ks":{"o":{"a":0,"k":100,"ix":11},"r":{"a":0,"k":0,"ix":10},"p":{"a":0,"k":[152.236,31.087,0],"ix":2},"a":{"a":0,"k":[3.152,3.834,0],"ix":1},"s":{"a":0,"k":[100,100,100],"ix":6}},"ao":0,"shapes":[{"ty":"gr","it":[{"ind":0,"ty":"sh","ix":1,"ks":{"a":0,"k":{"i":[[0.902,0.433],[0,0],[-0.009,-0.014],[-1.524,0],[-0.142,0.522],[0,0.018],[0,0],[0.998,0.069]],"o":[[0,0],[0,0.017],[0.137,0.524],[1.524,0],[0.009,-0.016],[0,0],[-0.903,0.433],[-0.998,0.068]],"v":[[-2.902,1.742],[-2.902,2.621],[-2.888,2.669],[-0.002,3.584],[2.883,2.672],[2.897,2.62],[2.897,1.742],[-0.003,2.298]],"c":true},"ix":2},"nm":"Path 1","mn":"ADBE Vector Shape - Group","hd":false},{"ind":1,"ty":"sh","ix":2,"ks":{"a":0,"k":{"i":[[0,0],[1.752,0],[0.134,-0.459],[0,-0.019],[0,0],[-1.005,0.089],[-0.885,0.485],[0,0],[0.012,0.014]],"o":[[-0.13,-0.46],[-1.752,0],[-0.011,0.015],[0,0],[0.885,0.485],[1.006,0.089],[0,0],[-0.002,-0.018],[0,0]],"v":[[2.88,-2.67],[-0.003,-3.584],[-2.885,-2.673],[-2.902,-2.621],[-2.902,-2.374],[-0.002,-1.765],[2.898,-2.374],[2.898,-2.618],[2.877,-2.667]],"c":true},"ix":2},"nm":"Path 2","mn":"ADBE Vector Shape - Group","hd":false},{"ind":2,"ty":"sh","ix":3,"ks":{"a":0,"k":{"i":[[0.908,0.408],[0,0],[-0.902,0.051],[0,0],[0,0],[0,0],[0,0],[0,0],[-0.785,0.447],[0,0],[0.996,0.049]],"o":[[0,0],[0.785,0.447],[0,0],[0,0],[0,0],[0,0],[0,0],[0.902,0.051],[0,0],[-0.91,0.409],[-0.995,0.048]],"v":[[-2.902,-1.679],[-2.902,-0.673],[-0.318,-0.066],[-0.277,-0.066],[-0.163,-0.066],[0.158,-0.066],[0.272,-0.066],[0.308,-0.066],[2.892,-0.673],[2.892,-1.679],[-0.008,-1.132]],"c":true},"ix":2},"nm":"Path 3","mn":"ADBE Vector Shape - Group","hd":false},{"ind":3,"ty":"sh","ix":4,"ks":{"a":0,"k":{"i":[[0.684,-0.002],[0,0],[0,0],[0.656,0.19],[0.181,0.108],[0,0],[-1.006,0.087],[-0.885,0.485],[0,0],[0.204,-0.059]],"o":[[0,0],[0,0],[-0.683,-0.003],[-0.203,-0.059],[0,0],[0.885,0.485],[1.006,0.087],[0,0],[-0.182,0.109],[-0.657,0.19]],"v":[[0.298,0.581],[-0.002,0.581],[-0.302,0.581],[-2.32,0.29],[-2.898,0.038],[-2.898,1.044],[0.002,1.655],[2.902,1.044],[2.902,0.039],[2.319,0.292]],"c":true},"ix":2},"nm":"Path 4","mn":"ADBE Vector Shape - Group","hd":false},{"ty":"mm","mm":1,"nm":"Merge Paths 1","mn":"ADBE Vector Filter - Merge","hd":false},{"ty":"mm","mm":4,"nm":"Merge Paths 2","mn":"ADBE Vector Filter - Merge","hd":false},{"ty":"fl","c":{"a":0,"k":[0.372999991623,0.635000011968,0.917999985639,1],"ix":4},"o":{"a":0,"k":100,"ix":5},"r":1,"bm":0,"nm":"Fill 1","mn":"ADBE Vector Graphic - Fill","hd":false},{"ty":"tr","p":{"a":0,"k":[3.152,3.834],"ix":2},"a":{"a":0,"k":[0,0],"ix":1},"s":{"a":0,"k":[100,100],"ix":3},"r":{"a":0,"k":0,"ix":6},"o":{"a":0,"k":100,"ix":7},"sk":{"a":0,"k":0,"ix":4},"sa":{"a":0,"k":0,"ix":5},"nm":"Transform"}],"nm":"Group 1","np":7,"cix":2,"bm":0,"ix":1,"mn":"ADBE Vector Group","hd":false}],"ip":0,"op":94,"st":0,"bm":0},{"ddd":0,"ind":2,"ty":4,"nm":"Layer 3 Outlines","sr":1,"ks":{"o":{"a":0,"k":100,"ix":11},"r":{"a":0,"k":0,"ix":10},"p":{"a":0,"k":[160.135,35.359,0],"ix":2},"a":{"a":0,"k":[2.947,3.934,0],"ix":1},"s":{"a":0,"k":[100,100,100],"ix":6}},"ao":0,"shapes":[{"ty":"gr","it":[{"ind":0,"ty":"sh","ix":1,"ks":{"a":0,"k":{"i":[[0,0],[0,0],[0,0],[-0.661,0.05],[-0.051,-0.661],[0.004,-0.061],[0,0]],"o":[[0,0],[0,0],[-0.051,-0.661],[0.661,-0.051],[0.004,0.061],[0,0],[0,0]],"v":[[1.196,-0.908],[-1.202,-0.908],[-1.202,-1.52],[-0.097,-2.808],[1.191,-1.703],[1.191,-1.52],[1.191,-0.908]],"c":true},"ix":2},"nm":"Path 1","mn":"ADBE Vector Shape - Group","hd":false},{"ind":1,"ty":"sh","ix":2,"ks":{"a":0,"k":{"i":[[0,0],[0.028,-0.033],[0.043,0],[0,0],[0.028,0.032],[-0.005,0.043],[0,0],[-0.194,0.267],[-0.268,-0.195],[0.195,-0.268],[0.05,-0.037]],"o":[[0.004,0.043],[-0.028,0.032],[0,0],[-0.043,0],[-0.028,-0.033],[0,0],[-0.268,-0.195],[0.196,-0.268],[0.268,0.196],[-0.037,0.05],[0,0]],"v":[[0.447,2.293],[0.41,2.411],[0.298,2.463],[-0.302,2.463],[-0.413,2.411],[-0.45,2.293],[-0.356,1.424],[-0.488,0.587],[0.352,0.455],[0.482,1.294],[0.352,1.424]],"c":true},"ix":2},"nm":"Path 2","mn":"ADBE Vector Shape - Group","hd":false},{"ind":2,"ty":"sh","ix":3,"ks":{"a":0,"k":{"i":[[0.002,0],[0,0],[0,0],[1.156,0.025],[0.025,-1.156],[-0.001,-0.031],[0,0],[0,0],[-0.001,-0.084],[0,0],[0,0],[-0.335,-0.004],[0,0],[0.003,0.334],[0,0],[0.084,0.002]],"o":[[0,0],[0,0],[0.025,-1.157],[-1.156,-0.026],[-0.001,0.031],[0,0],[0,0],[-0.084,0],[0,0],[0,0],[-0.004,0.334],[0,0],[0.334,-0.004],[0,0],[0.002,-0.084],[-0.002,0]],"v":[[2.542,-0.908],[2.094,-0.908],[2.094,-1.52],[0.046,-3.659],[-2.094,-1.612],[-2.094,-1.52],[-2.094,-0.908],[-2.544,-0.908],[-2.694,-0.756],[-2.694,-0.755],[-2.694,3.073],[-2.094,3.685],[2.094,3.685],[2.695,3.073],[2.695,-0.752],[2.549,-0.908]],"c":true},"ix":2},"nm":"Path 3","mn":"ADBE Vector Shape - Group","hd":false},{"ty":"mm","mm":1,"nm":"Merge Paths 1","mn":"ADBE Vector Filter - Merge","hd":false},{"ty":"mm","mm":4,"nm":"Merge Paths 2","mn":"ADBE Vector Filter - Merge","hd":false},{"ty":"fl","c":{"a":0,"k":[1,1,1,1],"ix":4},"o":{"a":0,"k":100,"ix":5},"r":1,"bm":0,"nm":"Fill 1","mn":"ADBE Vector Graphic - Fill","hd":false},{"ty":"tr","p":{"a":0,"k":[2.947,3.935],"ix":2},"a":{"a":0,"k":[0,0],"ix":1},"s":{"a":0,"k":[100,100],"ix":3},"r":{"a":0,"k":0,"ix":6},"o":{"a":0,"k":100,"ix":7},"sk":{"a":0,"k":0,"ix":4},"sa":{"a":0,"k":0,"ix":5},"nm":"Transform"}],"nm":"Group 1","np":6,"cix":2,"bm":0,"ix":1,"mn":"ADBE Vector Group","hd":false}],"ip":0,"op":94,"st":0,"bm":0},{"ddd":0,"ind":3,"ty":4,"nm":"Layer 4 Outlines","sr":1,"ks":{"o":{"a":0,"k":100,"ix":11},"r":{"a":0,"k":0,"ix":10},"p":{"a":0,"k":[152.607,30.014,0],"ix":2},"a":{"a":0,"k":[9.684,7.702,0],"ix":1},"s":{"a":0,"k":[100,100,100],"ix":6}},"ao":0,"shapes":[{"ty":"gr","it":[{"ind":0,"ty":"sh","ix":1,"ks":{"a":0,"k":{"i":[[0,0],[0,0],[0,0],[0,0],[0.828,0.871],[-0.019,1.213],[-1.592,0.762],[0,0.102],[-0.988,0.975],[-2.039,-1.406],[-0.383,-0.952],[-0.617,-0.01],[-0.473,-0.498],[0.659,-1.033],[-0.534,-0.692],[-0.109,-0.197]],"o":[[0,0],[0,0],[0,0],[-1.202,0.017],[-0.864,-0.852],[-0.003,-1.765],[-0.013,-0.191],[-0.024,-1.388],[1.731,-1.772],[0.846,0.58],[0.456,-0.417],[0.687,-0.01],[0.859,0.874],[0.852,0.195],[0.14,0.176],[-4.626,-1.821]],"v":[[4.836,3.919],[4.202,3.919],[4.202,7.435],[-4.908,7.435],[-8.092,6.094],[-9.415,2.862],[-6.815,-1.274],[-6.835,-1.713],[-5.326,-5.413],[1.199,-6.046],[3.085,-3.697],[4.755,-4.33],[6.576,-3.564],[6.918,-0.306],[9.061,1.067],[9.434,1.626]],"c":true},"ix":2},"nm":"Path 1","mn":"ADBE Vector Shape - Group","hd":false},{"ty":"mm","mm":4,"nm":"Merge Paths 1","mn":"ADBE Vector Filter - Merge","hd":false},{"ty":"fl","c":{"a":0,"k":[1,1,1,1],"ix":4},"o":{"a":0,"k":100,"ix":5},"r":1,"bm":0,"nm":"Fill 1","mn":"ADBE Vector Graphic - Fill","hd":false},{"ty":"tr","p":{"a":0,"k":[9.684,7.702],"ix":2},"a":{"a":0,"k":[0,0],"ix":1},"s":{"a":0,"k":[100,100],"ix":3},"r":{"a":0,"k":0,"ix":6},"o":{"a":0,"k":100,"ix":7},"sk":{"a":0,"k":0,"ix":4},"sa":{"a":0,"k":0,"ix":5},"nm":"Transform"}],"nm":"Group 1","np":3,"cix":2,"bm":0,"ix":1,"mn":"ADBE Vector Group","hd":false}],"ip":0,"op":94,"st":0,"bm":0},{"ddd":0,"ind":4,"ty":4,"nm":"Layer 5 Outlines","sr":1,"ks":{"o":{"a":0,"k":100,"ix":11},"r":{"a":0,"k":0,"ix":10},"p":{"a":0,"k":[152.234,32.108,0],"ix":2},"a":{"a":0,"k":[14.75,14.75,0],"ix":1},"s":{"a":0,"k":[100,100,100],"ix":6}},"ao":0,"shapes":[{"ty":"gr","it":[{"ind":0,"ty":"sh","ix":1,"ks":{"a":0,"k":{"i":[[-8.008,0],[0,-8.008],[8.008,0],[0,8.008]],"o":[[8.008,0],[0,8.008],[-8.008,0],[0,-8.008]],"v":[[0,-14.5],[14.5,0],[0,14.5],[-14.5,0]],"c":true},"ix":2},"nm":"Path 1","mn":"ADBE Vector Shape - Group","hd":false},{"ty":"mm","mm":4,"nm":"Merge Paths 1","mn":"ADBE Vector Filter - Merge","hd":false},{"ty":"gf","o":{"a":0,"k":100,"ix":10},"r":1,"bm":0,"g":{"p":3,"k":{"a":0,"k":[0,0.071,0.224,0.961,0.5,0.212,0.433,0.976,1,0.353,0.643,0.992],"ix":9}},"s":{"a":0,"k":[-33,2],"ix":5},"e":{"a":0,"k":[17,0],"ix":6},"t":1,"nm":"Gradient Fill 1","mn":"ADBE Vector Graphic - G-Fill","hd":false},{"ty":"tr","p":{"a":0,"k":[14.75,14.75],"ix":2},"a":{"a":0,"k":[0,0],"ix":1},"s":{"a":0,"k":[100,100],"ix":3},"r":{"a":0,"k":-76,"ix":6},"o":{"a":0,"k":100,"ix":7},"sk":{"a":0,"k":0,"ix":4},"sa":{"a":0,"k":1,"ix":5},"nm":"Transform"}],"nm":"Group 1","np":3,"cix":2,"bm":0,"ix":1,"mn":"ADBE Vector Group","hd":false}],"ip":0,"op":94,"st":0,"bm":0},{"ddd":0,"ind":5,"ty":4,"nm":"Arrow down Outlines","sr":1,"ks":{"o":{"a":0,"k":100,"ix":11},"r":{"a":0,"k":0,"ix":10},"p":{"a":0,"k":[152.827,118.468,0],"ix":2},"a":{"a":0,"k":[5.768,4.44,0],"ix":1},"s":{"a":0,"k":[100,100,100],"ix":6}},"ao":0,"shapes":[{"ty":"gr","it":[{"ind":0,"ty":"sh","ix":1,"ks":{"a":0,"k":{"i":[[0,0],[0,0],[0,0]],"o":[[0,0],[0,0],[0,0]],"v":[[0.377,4.19],[-5.518,-4.19],[5.518,-4.19]],"c":true},"ix":2},"nm":"Path 1","mn":"ADBE Vector Shape - Group","hd":false},{"ty":"fl","c":{"a":0,"k":[0.356999984442,0.626999978458,0.984000052658,1],"ix":4},"o":{"a":0,"k":100,"ix":5},"r":1,"bm":0,"nm":"Fill 1","mn":"ADBE Vector Graphic - Fill","hd":false},{"ty":"tr","p":{"a":0,"k":[5.768,4.44],"ix":2},"a":{"a":0,"k":[0,0],"ix":1},"s":{"a":0,"k":[100,100],"ix":3},"r":{"a":0,"k":0,"ix":6},"o":{"a":0,"k":100,"ix":7},"sk":{"a":0,"k":0,"ix":4},"sa":{"a":0,"k":0,"ix":5},"nm":"Transform"}],"nm":"Group 1","np":2,"cix":2,"bm":0,"ix":1,"mn":"ADBE Vector Group","hd":false}],"ip":0,"op":94,"st":0,"bm":0},{"ddd":0,"ind":6,"ty":4,"nm":"Arrow up Outlines","sr":1,"ks":{"o":{"a":0,"k":100,"ix":11},"r":{"a":0,"k":0,"ix":10},"p":{"a":0,"k":[152.876,66.216,0],"ix":2},"a":{"a":0,"k":[5.768,4.442,0],"ix":1},"s":{"a":0,"k":[100,100,100],"ix":6}},"ao":0,"shapes":[{"ty":"gr","it":[{"ind":0,"ty":"sh","ix":1,"ks":{"a":0,"k":{"i":[[0,0],[0,0],[0,0]],"o":[[0,0],[0,0],[0,0]],"v":[[0.377,-4.191],[-5.518,4.191],[5.518,4.191]],"c":true},"ix":2},"nm":"Path 1","mn":"ADBE Vector Shape - Group","hd":false},{"ty":"fl","c":{"a":0,"k":[0.356999984442,0.626999978458,0.984000052658,1],"ix":4},"o":{"a":0,"k":100,"ix":5},"r":1,"bm":0,"nm":"Fill 1","mn":"ADBE Vector Graphic - Fill","hd":false},{"ty":"tr","p":{"a":0,"k":[5.768,4.442],"ix":2},"a":{"a":0,"k":[0,0],"ix":1},"s":{"a":0,"k":[100,100],"ix":3},"r":{"a":0,"k":0,"ix":6},"o":{"a":0,"k":100,"ix":7},"sk":{"a":0,"k":0,"ix":4},"sa":{"a":0,"k":0,"ix":5},"nm":"Transform"}],"nm":"Group 1","np":2,"cix":2,"bm":0,"ix":1,"mn":"ADBE Vector Group","hd":false}],"ip":0,"op":94,"st":0,"bm":0},{"ddd":0,"ind":7,"ty":4,"nm":"Shape Layer 1","sr":1,"ks":{"o":{"a":0,"k":100,"ix":11},"r":{"a":0,"k":0,"ix":10},"p":{"a":0,"k":[153.25,92.625,0],"ix":2},"a":{"a":0,"k":[61.75,0.625,0],"ix":1},"s":{"a":0,"k":[100,100,100],"ix":6}},"ao":0,"shapes":[{"ty":"gr","it":[{"ind":0,"ty":"sh","ix":1,"ks":{"a":0,"k":{"i":[[0,0],[0,0]],"o":[[0,0],[0,0]],"v":[[61.75,-25.75],[61.75,27]],"c":false},"ix":2},"nm":"Path 1","mn":"ADBE Vector Shape - Group","hd":false},{"ty":"st","c":{"a":0,"k":[0.356862745098,0.627450980392,0.984313785329,1],"ix":3},"o":{"a":0,"k":100,"ix":4},"w":{"a":0,"k":2,"ix":5},"lc":1,"lj":1,"ml":4,"bm":0,"d":[{"n":"d","nm":"dash","v":{"a":0,"k":3,"ix":1}},{"n":"o","nm":"offset","v":{"a":1,"k":[{"i":{"x":[0.429],"y":[1.003]},"o":{"x":[0.53],"y":[0.018]},"t":0,"s":[0]},{"i":{"x":[0.697],"y":[0.978]},"o":{"x":[0.333],"y":[0]},"t":37,"s":[32]},{"i":{"x":[0.149],"y":[0.976]},"o":{"x":[0.409],"y":[0.028]},"t":50,"s":[32]},{"t":93,"s":[0]}],"ix":7}}],"nm":"Stroke 1","mn":"ADBE Vector Graphic - Stroke","hd":false},{"ty":"tr","p":{"a":0,"k":[0,0],"ix":2},"a":{"a":0,"k":[0,0],"ix":1},"s":{"a":0,"k":[100,100],"ix":3},"r":{"a":0,"k":0,"ix":6},"o":{"a":0,"k":100,"ix":7},"sk":{"a":0,"k":0,"ix":4},"sa":{"a":0,"k":0,"ix":5},"nm":"Transform"}],"nm":"Shape 1","np":3,"cix":2,"bm":0,"ix":1,"mn":"ADBE Vector Group","hd":false}],"ip":0,"op":94,"st":0,"bm":0},{"ddd":0,"ind":8,"ty":4,"nm":"Layer 11 Outlines","sr":1,"ks":{"o":{"a":0,"k":100,"ix":11},"r":{"a":0,"k":0,"ix":10},"p":{"a":0,"k":[106.346,176.271,0],"ix":2},"a":{"a":0,"k":[103.596,2.066,0],"ix":1},"s":{"a":0,"k":[100,100,100],"ix":6}},"ao":0,"shapes":[{"ty":"gr","it":[{"ind":0,"ty":"sh","ix":1,"ks":{"a":0,"k":{"i":[[1.002,0],[0,0],[0,-1.003],[-1.002,0],[0,0],[0,1.003]],"o":[[0,0],[-1.002,0],[0,1.003],[0,0],[1.002,0],[0,-1.003]],"v":[[101.531,-1.816],[-101.531,-1.816],[-103.346,0],[-101.531,1.816],[101.531,1.816],[103.346,0]],"c":true},"ix":2},"nm":"Path 1","mn":"ADBE Vector Shape - Group","hd":false},{"ty":"mm","mm":4,"nm":"Merge Paths 1","mn":"ADBE Vector Filter - Merge","hd":false},{"ty":"fl","c":{"a":0,"k":[0.172999991623,0.522000002394,0.725,1],"ix":4},"o":{"a":0,"k":100,"ix":5},"r":1,"bm":0,"nm":"Fill 1","mn":"ADBE Vector Graphic - Fill","hd":false},{"ty":"tr","p":{"a":0,"k":[103.596,2.066],"ix":2},"a":{"a":0,"k":[0,0],"ix":1},"s":{"a":0,"k":[100,100],"ix":3},"r":{"a":0,"k":0,"ix":6},"o":{"a":0,"k":100,"ix":7},"sk":{"a":0,"k":0,"ix":4},"sa":{"a":0,"k":0,"ix":5},"nm":"Transform"}],"nm":"Group 1","np":3,"cix":2,"bm":0,"ix":1,"mn":"ADBE Vector Group","hd":false}],"ip":0,"op":94,"st":0,"bm":0},{"ddd":0,"ind":9,"ty":4,"nm":"Layer 13 Outlines","parent":11,"sr":1,"ks":{"o":{"a":0,"k":100,"ix":11},"r":{"a":1,"k":[{"i":{"x":[0.667],"y":[1]},"o":{"x":[0.829],"y":[-0.014]},"t":0,"s":[7]},{"i":{"x":[0.098],"y":[1.13]},"o":{"x":[0.333],"y":[0]},"t":18,"s":[-9]},{"i":{"x":[0.667],"y":[1]},"o":{"x":[0.333],"y":[0]},"t":40,"s":[7]},{"i":{"x":[0.098],"y":[1.13]},"o":{"x":[0.333],"y":[0]},"t":62,"s":[-9]},{"t":84,"s":[7]}],"ix":10},"p":{"a":0,"k":[58.328,46.752,0],"ix":2},"a":{"a":0,"k":[0.397,3.814,0],"ix":1},"s":{"a":0,"k":[100,100,100],"ix":6}},"ao":0,"shapes":[{"ty":"gr","it":[{"ind":0,"ty":"sh","ix":1,"ks":{"a":0,"k":{"i":[[0,0],[0,0],[0.495,0.761],[1.31,0.417],[2.158,-0.228]],"o":[[0,0],[0.909,0],[-1.132,-1.74],[-0.781,-0.248],[0,0]],"v":[[-6.773,3.314],[5.318,3.314],[6.277,1.549],[2.047,-3.066],[-6.773,-2.866]],"c":true},"ix":2},"nm":"Path 1","mn":"ADBE Vector Shape - Group","hd":false},{"ty":"mm","mm":4,"nm":"Merge Paths 1","mn":"ADBE Vector Filter - Merge","hd":false},{"ty":"fl","c":{"a":0,"k":[0.889999988032,0.741000007181,0.470999983245,1],"ix":4},"o":{"a":0,"k":100,"ix":5},"r":1,"bm":0,"nm":"Fill 1","mn":"ADBE Vector Graphic - Fill","hd":false},{"ty":"tr","p":{"a":0,"k":[7.022,3.564],"ix":2},"a":{"a":0,"k":[0,0],"ix":1},"s":{"a":0,"k":[100,100],"ix":3},"r":{"a":0,"k":0,"ix":6},"o":{"a":0,"k":100,"ix":7},"sk":{"a":0,"k":0,"ix":4},"sa":{"a":0,"k":0,"ix":5},"nm":"Transform"}],"nm":"Group 1","np":3,"cix":2,"bm":0,"ix":1,"mn":"ADBE Vector Group","hd":false}],"ip":0,"op":94,"st":0,"bm":0},{"ddd":0,"ind":10,"ty":4,"nm":"Layer 14 Outlines","parent":11,"sr":1,"ks":{"o":{"a":0,"k":100,"ix":11},"r":{"a":0,"k":-1,"ix":10},"p":{"a":0,"k":[19.54,39.006,0],"ix":2},"a":{"a":0,"k":[3.369,38.595,0],"ix":1},"s":{"a":0,"k":[100,100,100],"ix":6}},"ao":0,"shapes":[{"ty":"gr","it":[{"ind":0,"ty":"sh","ix":1,"ks":{"a":0,"k":{"i":[[-9.185,-1.293],[6.989,0.938],[-3.442,-0.774]],"o":[[0,0],[-5.422,-0.727],[4.119,0.927]],"v":[[22.413,21.068],[-16.992,17.9],[-16.382,16.82]],"c":true},"ix":2},"nm":"Path 1","mn":"ADBE Vector Shape - Group","hd":false},{"ty":"mm","mm":4,"nm":"Merge Paths 1","mn":"ADBE Vector Filter - Merge","hd":false},{"ty":"fl","c":{"a":0,"k":[0.180000005984,0.611999990426,1,1],"ix":4},"o":{"a":0,"k":100,"ix":5},"r":1,"bm":0,"nm":"Fill 1","mn":"ADBE Vector Graphic - Fill","hd":false},{"ty":"tr","p":{"a":0,"k":[22.663,21.319],"ix":2},"a":{"a":0,"k":[0,0],"ix":1},"s":{"a":0,"k":[100,100],"ix":3},"r":{"a":0,"k":0,"ix":6},"o":{"a":0,"k":100,"ix":7},"sk":{"a":0,"k":0,"ix":4},"sa":{"a":0,"k":0,"ix":5},"nm":"Transform"}],"nm":"Group 1","np":3,"cix":2,"bm":0,"ix":1,"mn":"ADBE Vector Group","hd":false}],"ip":0,"op":94,"st":0,"bm":0},{"ddd":0,"ind":11,"ty":4,"nm":"hand2","sr":1,"ks":{"o":{"a":0,"k":100,"ix":11},"r":{"a":1,"k":[{"i":{"x":[0.667],"y":[1]},"o":{"x":[0.333],"y":[0]},"t":0,"s":[-4]},{"i":{"x":[0.667],"y":[1]},"o":{"x":[0.333],"y":[0]},"t":18,"s":[-6]},{"i":{"x":[0.412],"y":[1.089]},"o":{"x":[0.333],"y":[0]},"t":40,"s":[-4]},{"i":{"x":[0.392],"y":[0.617]},"o":{"x":[0.333],"y":[0]},"t":62,"s":[-6]},{"t":84,"s":[-4]}],"ix":10},"p":{"a":0,"k":[53.205,169.034,0],"ix":2},"a":{"a":0,"k":[12.465,43.975,0],"ix":1},"s":{"a":0,"k":[100,100,100],"ix":6}},"ao":0,"shapes":[{"ty":"gr","it":[{"ind":0,"ty":"sh","ix":1,"ks":{"a":0,"k":{"i":[[0,0],[4.315,0.446],[-3.607,-6.715],[-0.894,0],[0,0]],"o":[[-8.975,-1.045],[-5.442,-0.563],[0.423,0.789],[0,0],[0,0]],"v":[[28.965,17.549],[-9.502,13.49],[-25.358,23.452],[-23.212,24.725],[28.965,24.725]],"c":true},"ix":2},"nm":"Path 1","mn":"ADBE Vector Shape - Group","hd":false},{"ty":"mm","mm":4,"nm":"Merge Paths 1","mn":"ADBE Vector Filter - Merge","hd":false},{"ty":"fl","c":{"a":0,"k":[0.13300000359,0.501999978458,0.776000019148,1],"ix":4},"o":{"a":0,"k":100,"ix":5},"r":1,"bm":0,"nm":"Fill 1","mn":"ADBE Vector Graphic - Fill","hd":false},{"ty":"tr","p":{"a":0,"k":[29.215,24.975],"ix":2},"a":{"a":0,"k":[0,0],"ix":1},"s":{"a":0,"k":[100,100],"ix":3},"r":{"a":0,"k":0,"ix":6},"o":{"a":0,"k":100,"ix":7},"sk":{"a":0,"k":0,"ix":4},"sa":{"a":0,"k":0,"ix":5},"nm":"Transform"}],"nm":"Group 1","np":3,"cix":2,"bm":0,"ix":1,"mn":"ADBE Vector Group","hd":false}],"ip":0,"op":94,"st":0,"bm":0},{"ddd":0,"ind":12,"ty":4,"nm":"hand1","sr":1,"ks":{"o":{"a":0,"k":100,"ix":11},"r":{"a":0,"k":0,"ix":10},"p":{"a":0,"k":[69.955,150.034,0],"ix":2},"a":{"a":0,"k":[29.215,24.975,0],"ix":1},"s":{"a":0,"k":[100,100,100],"ix":6}},"ao":0,"shapes":[{"ty":"gr","it":[{"ind":0,"ty":"sh","ix":1,"ks":{"a":0,"k":{"i":[[2.347,0.243],[-1.313,7.505],[0,0],[3.003,-4.547],[-3.607,-6.715],[-0.894,0],[-3.937,2.036]],"o":[[-5.442,-0.563],[1.314,-7.506],[-3.23,-0.403],[-6.145,9.307],[0.423,0.789],[0,0],[4.648,-2.404]],"v":[[-9.502,13.49],[-1.809,-16.534],[-6.219,-24.322],[-15.976,-19.775],[-25.358,23.452],[-23.212,24.725],[-14.416,19.432]],"c":true},"ix":2},"nm":"Path 1","mn":"ADBE Vector Shape - Group","hd":false},{"ty":"mm","mm":4,"nm":"Merge Paths 1","mn":"ADBE Vector Filter - Merge","hd":false},{"ty":"fl","c":{"a":0,"k":[0.13300000359,0.501999978458,0.776000019148,1],"ix":4},"o":{"a":0,"k":100,"ix":5},"r":1,"bm":0,"nm":"Fill 1","mn":"ADBE Vector Graphic - Fill","hd":false},{"ty":"tr","p":{"a":0,"k":[29.215,24.975],"ix":2},"a":{"a":0,"k":[0,0],"ix":1},"s":{"a":0,"k":[100,100],"ix":3},"r":{"a":0,"k":0,"ix":6},"o":{"a":0,"k":100,"ix":7},"sk":{"a":0,"k":0,"ix":4},"sa":{"a":0,"k":0,"ix":5},"nm":"Transform"}],"nm":"Group 1","np":3,"cix":2,"bm":0,"ix":1,"mn":"ADBE Vector Group","hd":false}],"ip":0,"op":94,"st":0,"bm":0},{"ddd":0,"ind":13,"ty":4,"nm":"Layer 16 Outlines","sr":1,"ks":{"o":{"a":0,"k":100,"ix":11},"r":{"a":0,"k":0,"ix":10},"p":{"a":0,"k":[136.682,154.886,0],"ix":2},"a":{"a":0,"k":[42.744,19.848,0],"ix":1},"s":{"a":0,"k":[100,100,100],"ix":6}},"ao":0,"shapes":[{"ty":"gr","it":[{"ind":0,"ty":"sh","ix":1,"ks":{"a":0,"k":{"i":[[1.257,0],[0,0],[0,-1.256],[0,0],[1.257,0],[0,0],[0,1.257],[0,0]],"o":[[0,0],[1.257,0],[0,0],[0,1.257],[0,0],[1.257,0],[0,0],[0,-1.256]],"v":[[27.007,-2.644],[-29.283,-2.644],[-27.007,-0.368],[-27.007,0.368],[-29.283,2.644],[27.007,2.644],[29.283,0.368],[29.283,-0.368]],"c":true},"ix":2},"nm":"Path 1","mn":"ADBE Vector Shape - Group","hd":false},{"ty":"mm","mm":4,"nm":"Merge Paths 1","mn":"ADBE Vector Filter - Merge","hd":false},{"ty":"fl","c":{"a":0,"k":[0.231000010173,0.310000011968,0.337000020345,1],"ix":4},"o":{"a":0,"k":100,"ix":5},"r":1,"bm":0,"nm":"Fill 1","mn":"ADBE Vector Graphic - Fill","hd":false},{"ty":"tr","p":{"a":0,"k":[51.701,36.802],"ix":2},"a":{"a":0,"k":[0,0],"ix":1},"s":{"a":0,"k":[100,100],"ix":3},"r":{"a":0,"k":0,"ix":6},"o":{"a":0,"k":100,"ix":7},"sk":{"a":0,"k":0,"ix":4},"sa":{"a":0,"k":0,"ix":5},"nm":"Transform"}],"nm":"Group 1","np":3,"cix":2,"bm":0,"ix":1,"mn":"ADBE Vector Group","hd":false},{"ty":"gr","it":[{"ind":0,"ty":"sh","ix":1,"ks":{"a":0,"k":{"i":[[1.257,0],[0,0],[0,-1.256],[0,0],[-1.256,0],[0,0],[0,1.257],[0,0]],"o":[[0,0],[-1.256,0],[0,0],[0,1.257],[0,0],[1.257,0],[0,0],[0,-1.256]],"v":[[38.091,-2.644],[-38.092,-2.644],[-40.367,-0.368],[-40.367,0.368],[-38.092,2.644],[38.091,2.644],[40.367,0.368],[40.367,-0.368]],"c":true},"ix":2},"nm":"Path 1","mn":"ADBE Vector Shape - Group","hd":false},{"ty":"mm","mm":4,"nm":"Merge Paths 1","mn":"ADBE Vector Filter - Merge","hd":false},{"ty":"fl","c":{"a":0,"k":[0.545000023935,0.651000019148,0.685999971278,1],"ix":4},"o":{"a":0,"k":100,"ix":5},"r":1,"bm":0,"nm":"Fill 1","mn":"ADBE Vector Graphic - Fill","hd":false},{"ty":"tr","p":{"a":0,"k":[40.617,36.802],"ix":2},"a":{"a":0,"k":[0,0],"ix":1},"s":{"a":0,"k":[100,100],"ix":3},"r":{"a":0,"k":0,"ix":6},"o":{"a":0,"k":100,"ix":7},"sk":{"a":0,"k":0,"ix":4},"sa":{"a":0,"k":0,"ix":5},"nm":"Transform"}],"nm":"Group 2","np":3,"cix":2,"bm":0,"ix":2,"mn":"ADBE Vector Group","hd":false},{"ty":"gr","it":[{"ind":0,"ty":"sh","ix":1,"ks":{"a":0,"k":{"i":[[3.024,0],[0,0],[0.454,-2.226],[0,0],[0,0],[0,0]],"o":[[0,0],[-2.272,0],[0,0],[0,0],[0,0],[0.605,-2.964]],"v":[[25.815,-16.952],[-20.283,-16.952],[-24.967,-13.128],[-31.104,16.952],[24.753,16.952],[30.499,-11.215]],"c":true},"ix":2},"nm":"Path 1","mn":"ADBE Vector Shape - Group","hd":false},{"ty":"mm","mm":4,"nm":"Merge Paths 1","mn":"ADBE Vector Filter - Merge","hd":false},{"ty":"fl","c":{"a":0,"k":[0.294000004787,0.380000005984,0.419999994016,1],"ix":4},"o":{"a":0,"k":100,"ix":5},"r":1,"bm":0,"nm":"Fill 1","mn":"ADBE Vector Graphic - Fill","hd":false},{"ty":"tr","p":{"a":0,"k":[54.134,17.203],"ix":2},"a":{"a":0,"k":[0,0],"ix":1},"s":{"a":0,"k":[100,100],"ix":3},"r":{"a":0,"k":0,"ix":6},"o":{"a":0,"k":100,"ix":7},"sk":{"a":0,"k":0,"ix":4},"sa":{"a":0,"k":0,"ix":5},"nm":"Transform"}],"nm":"Group 3","np":3,"cix":2,"bm":0,"ix":3,"mn":"ADBE Vector Group","hd":false}],"ip":0,"op":94,"st":0,"bm":0},{"ddd":0,"ind":14,"ty":4,"nm":"Layer 12 Outlines","parent":15,"sr":1,"ks":{"o":{"a":0,"k":100,"ix":11},"r":{"a":0,"k":0,"ix":10},"p":{"a":0,"k":[17.778,8.874,0],"ix":2},"a":{"a":0,"k":[4.014,6.208,0],"ix":1},"s":{"a":0,"k":[100,100,100],"ix":6}},"ao":0,"shapes":[{"ty":"gr","it":[{"ind":0,"ty":"sh","ix":1,"ks":{"a":0,"k":{"i":[[1.805,3.292],[1.745,-0.211],[0.142,-1.491],[0.658,-0.051],[0,0],[9.521,1.52],[0.086,0.013],[-1.954,0.15]],"o":[[0,0],[-0.147,0.818],[-0.202,2.127],[-0.659,0.05],[0,0],[-0.09,-0.014],[1.442,0.518],[11.044,-0.85]],"v":[[7.63,-10.958],[4.892,-10.275],[4.339,-6.393],[4.542,2.369],[2.516,2.318],[-8.018,10.319],[-8.265,10.282],[-3.202,10.917]],"c":true},"ix":2},"nm":"Path 1","mn":"ADBE Vector Shape - Group","hd":false},{"ty":"mm","mm":4,"nm":"Merge Paths 1","mn":"ADBE Vector Filter - Merge","hd":false},{"ty":"fl","c":{"a":0,"k":[0.830999995213,0.564999988032,0.310000011968,1],"ix":4},"o":{"a":0,"k":100,"ix":5},"r":1,"bm":0,"nm":"Fill 1","mn":"ADBE Vector Graphic - Fill","hd":false},{"ty":"tr","p":{"a":0,"k":[8.264,10.958],"ix":2},"a":{"a":0,"k":[0,0],"ix":1},"s":{"a":0,"k":[100,100],"ix":3},"r":{"a":0,"k":0,"ix":6},"o":{"a":0,"k":100,"ix":7},"sk":{"a":0,"k":0,"ix":4},"sa":{"a":0,"k":0,"ix":5},"nm":"Transform"}],"nm":"Group 1","np":3,"cix":2,"bm":0,"ix":1,"mn":"ADBE Vector Group","hd":false}],"ip":0,"op":94,"st":0,"bm":0},{"ddd":0,"ind":15,"ty":4,"nm":"Layer 17 Outlines","sr":1,"ks":{"o":{"a":0,"k":100,"ix":11},"r":{"a":1,"k":[{"i":{"x":[0.667],"y":[1]},"o":{"x":[0.333],"y":[0]},"t":0,"s":[6]},{"i":{"x":[0.667],"y":[1]},"o":{"x":[0.333],"y":[0]},"t":23,"s":[0]},{"i":{"x":[0.667],"y":[1]},"o":{"x":[0.333],"y":[0]},"t":46,"s":[6]},{"i":{"x":[0.667],"y":[1]},"o":{"x":[0.333],"y":[0]},"t":67,"s":[0]},{"t":90,"s":[6]}],"ix":10},"p":{"a":0,"k":[79.625,123.37,0],"ix":2},"a":{"a":0,"k":[9.675,23.814,0],"ix":1},"s":{"a":0,"k":[100,100,100],"ix":6}},"ao":0,"shapes":[{"ty":"gr","it":[{"ind":0,"ty":"sh","ix":1,"ks":{"a":0,"k":{"i":[[5.84,-3.239],[1.746,-3.81],[-2.867,0],[-11.044,0.85],[1.805,3.292],[8.707,5.31]],"o":[[0,0],[-2.117,4.621],[0,0],[11.044,-0.85],[0,0],[0,0]],"v":[[-8.71,-5.695],[-13.49,-6.968],[-10.351,0.551],[2.971,11.721],[13.801,-10.154],[-0.853,-12.57]],"c":true},"ix":2},"nm":"Path 1","mn":"ADBE Vector Shape - Group","hd":false},{"ty":"mm","mm":4,"nm":"Merge Paths 1","mn":"ADBE Vector Filter - Merge","hd":false},{"ty":"fl","c":{"a":0,"k":[0.889999988032,0.741000007181,0.470999983245,1],"ix":4},"o":{"a":0,"k":100,"ix":5},"r":1,"bm":0,"nm":"Fill 1","mn":"ADBE Vector Graphic - Fill","hd":false},{"ty":"tr","p":{"a":0,"k":[15.856,12.821],"ix":2},"a":{"a":0,"k":[0,0],"ix":1},"s":{"a":0,"k":[100,100],"ix":3},"r":{"a":0,"k":0,"ix":6},"o":{"a":0,"k":100,"ix":7},"sk":{"a":0,"k":0,"ix":4},"sa":{"a":0,"k":0,"ix":5},"nm":"Transform"}],"nm":"Group 1","np":3,"cix":2,"bm":0,"ix":1,"mn":"ADBE Vector Group","hd":false}],"ip":0,"op":94,"st":0,"bm":0},{"ddd":0,"ind":16,"ty":4,"nm":"Layer 18 Outlines","parent":15,"sr":1,"ks":{"o":{"a":0,"k":100,"ix":11},"r":{"a":0,"k":0,"ix":10},"p":{"a":0,"k":[18.467,8.895,0],"ix":2},"a":{"a":0,"k":[22.617,26.318,0],"ix":1},"s":{"a":0,"k":[100,100,100],"ix":6}},"ao":0,"shapes":[{"ty":"gr","it":[{"ind":0,"ty":"sh","ix":1,"ks":{"a":0,"k":{"i":[[0,0],[8.709,5.308],[5.836,-3.243],[1.746,-3.811],[0.025,-0.918],[-5.098,5.014],[-6.53,-2.625],[0,0]],"o":[[0,0],[0,0],[0,0],[-0.529,1.153],[-5.467,-7.06],[4.829,-4.76],[6.933,2.79],[8.76,12.342]],"v":[[9.691,6.773],[-4.963,4.358],[-12.819,11.233],[-17.598,9.959],[-18.4,13.068],[-14.915,-8.308],[6.9,-8.55],[15.107,-10.615]],"c":true},"ix":2},"nm":"Path 1","mn":"ADBE Vector Shape - Group","hd":false},{"ty":"mm","mm":4,"nm":"Merge Paths 1","mn":"ADBE Vector Filter - Merge","hd":false},{"ty":"fl","c":{"a":0,"k":[0.172999991623,0.234999997008,0.301999978458,1],"ix":4},"o":{"a":0,"k":100,"ix":5},"r":1,"bm":0,"nm":"Fill 1","mn":"ADBE Vector Graphic - Fill","hd":false},{"ty":"tr","p":{"a":0,"k":[24.117,13.318],"ix":2},"a":{"a":0,"k":[0,0],"ix":1},"s":{"a":0,"k":[100,100],"ix":3},"r":{"a":0,"k":0,"ix":6},"o":{"a":0,"k":100,"ix":7},"sk":{"a":0,"k":0,"ix":4},"sa":{"a":0,"k":0,"ix":5},"nm":"Transform"}],"nm":"Group 1","np":3,"cix":2,"bm":0,"ix":1,"mn":"ADBE Vector Group","hd":false}],"ip":0,"op":94,"st":0,"bm":0},{"ddd":0,"ind":17,"ty":4,"nm":"Layer 19 Outlines","sr":1,"ks":{"o":{"a":0,"k":100,"ix":11},"r":{"a":0,"k":0,"ix":10},"p":{"a":0,"k":[81.165,123.808,0],"ix":2},"a":{"a":0,"k":[7.02,13.298,0],"ix":1},"s":{"a":0,"k":[100,100,100],"ix":6}},"ao":0,"shapes":[{"ty":"gr","it":[{"ind":0,"ty":"sh","ix":1,"ks":{"a":0,"k":{"i":[[-8.203,8.681],[0,0],[0,0],[0,0]],"o":[[0,0],[0,0],[0,0],[0,0]],"v":[[5.018,4.367],[6.77,-4.394],[-4.592,-13.048],[-6.77,-2.721]],"c":true},"ix":2},"nm":"Path 1","mn":"ADBE Vector Shape - Group","hd":false},{"ty":"mm","mm":4,"nm":"Merge Paths 1","mn":"ADBE Vector Filter - Merge","hd":false},{"ty":"fl","c":{"a":0,"k":[0.830999995213,0.564999988032,0.310000011968,1],"ix":4},"o":{"a":0,"k":100,"ix":5},"r":1,"bm":0,"nm":"Fill 1","mn":"ADBE Vector Graphic - Fill","hd":false},{"ty":"tr","p":{"a":0,"k":[7.02,13.298],"ix":2},"a":{"a":0,"k":[0,0],"ix":1},"s":{"a":0,"k":[100,100],"ix":3},"r":{"a":0,"k":0,"ix":6},"o":{"a":0,"k":100,"ix":7},"sk":{"a":0,"k":0,"ix":4},"sa":{"a":0,"k":0,"ix":5},"nm":"Transform"}],"nm":"Group 1","np":3,"cix":2,"bm":0,"ix":1,"mn":"ADBE Vector Group","hd":false}],"ip":0,"op":94,"st":0,"bm":0},{"ddd":0,"ind":18,"ty":4,"nm":"Layer 20 Outlines","sr":1,"ks":{"o":{"a":0,"k":100,"ix":11},"r":{"a":0,"k":0,"ix":10},"p":{"a":0,"k":[111.211,156.977,0],"ix":2},"a":{"a":0,"k":[22.486,17.868,0],"ix":1},"s":{"a":0,"k":[100,100,100],"ix":6}},"ao":0,"shapes":[{"ty":"gr","it":[{"ind":0,"ty":"sh","ix":1,"ks":{"a":0,"k":{"i":[[0,0],[-7.787,-1.501],[0,0],[0,0],[0,0]],"o":[[0,0],[7.787,1.501],[0,0],[0,0],[0,0]],"v":[[-14.465,-17.618],[-6.286,8.704],[22.236,9.736],[22.236,17.618],[-22.236,17.618]],"c":true},"ix":2},"nm":"Path 1","mn":"ADBE Vector Shape - Group","hd":false},{"ty":"mm","mm":4,"nm":"Merge Paths 1","mn":"ADBE Vector Filter - Merge","hd":false},{"ty":"fl","c":{"a":0,"k":[0.13300000359,0.501999978458,0.776000019148,1],"ix":4},"o":{"a":0,"k":100,"ix":5},"r":1,"bm":0,"nm":"Fill 1","mn":"ADBE Vector Graphic - Fill","hd":false},{"ty":"tr","p":{"a":0,"k":[22.486,17.868],"ix":2},"a":{"a":0,"k":[0,0],"ix":1},"s":{"a":0,"k":[100,100],"ix":3},"r":{"a":0,"k":0,"ix":6},"o":{"a":0,"k":100,"ix":7},"sk":{"a":0,"k":0,"ix":4},"sa":{"a":0,"k":0,"ix":5},"nm":"Transform"}],"nm":"Group 1","np":3,"cix":2,"bm":0,"ix":1,"mn":"ADBE Vector Group","hd":false}],"ip":0,"op":94,"st":0,"bm":0},{"ddd":0,"ind":19,"ty":4,"nm":"Layer 22 Outlines","sr":1,"ks":{"o":{"a":0,"k":100,"ix":11},"r":{"a":0,"k":0,"ix":10},"p":{"a":0,"k":[21.7,164.494,0],"ix":2},"a":{"a":0,"k":[10.706,10.404,0],"ix":1},"s":{"a":0,"k":[100,100,100],"ix":6}},"ao":0,"shapes":[{"ty":"gr","it":[{"ind":0,"ty":"sh","ix":1,"ks":{"a":0,"k":{"i":[[0.841,0],[0,0],[0.093,-0.836],[0,0],[1.933,0],[0,0],[-0.212,1.921],[0,0]],"o":[[0,0],[0.841,0],[0,0],[-0.212,1.921],[0,0],[1.933,0],[0,0],[0.093,-0.836]],"v":[[4.389,-10.154],[-1.824,-10.154],[-0.421,-8.587],[-2.117,6.779],[-5.885,10.154],[0.327,10.154],[4.096,6.779],[5.792,-8.587]],"c":true},"ix":2},"nm":"Path 1","mn":"ADBE Vector Shape - Group","hd":false},{"ty":"mm","mm":4,"nm":"Merge Paths 1","mn":"ADBE Vector Filter - Merge","hd":false},{"ty":"fl","c":{"a":0,"k":[0.689999988032,0.769000004787,0.795999983245,1],"ix":4},"o":{"a":0,"k":100,"ix":5},"r":1,"bm":0,"nm":"Fill 1","mn":"ADBE Vector Graphic - Fill","hd":false},{"ty":"tr","p":{"a":0,"k":[15.276,10.404],"ix":2},"a":{"a":0,"k":[0,0],"ix":1},"s":{"a":0,"k":[100,100],"ix":3},"r":{"a":0,"k":0,"ix":6},"o":{"a":0,"k":100,"ix":7},"sk":{"a":0,"k":0,"ix":4},"sa":{"a":0,"k":0,"ix":5},"nm":"Transform"}],"nm":"Group 1","np":3,"cix":2,"bm":0,"ix":1,"mn":"ADBE Vector Group","hd":false},{"ty":"gr","it":[{"ind":0,"ty":"sh","ix":1,"ks":{"a":0,"k":{"i":[[-0.554,0],[0,0],[-0.232,-0.456],[0,0],[0.841,0],[0,0],[-0.093,-0.836],[0,0]],"o":[[0,0],[0.555,0],[0,0],[0.092,-0.836],[0,0],[-0.841,0],[0,0],[0.232,-0.456]],"v":[[-8.96,0.754],[8.96,0.754],[10.195,1.542],[10.363,0.025],[8.96,-1.542],[-8.96,-1.542],[-10.363,0.025],[-10.195,1.542]],"c":true},"ix":2},"nm":"Path 1","mn":"ADBE Vector Shape - Group","hd":false},{"ty":"mm","mm":4,"nm":"Merge Paths 1","mn":"ADBE Vector Filter - Merge","hd":false},{"ty":"fl","c":{"a":0,"k":[0.689999988032,0.769000004787,0.795999983245,1],"ix":4},"o":{"a":0,"k":100,"ix":5},"r":1,"bm":0,"nm":"Fill 1","mn":"ADBE Vector Graphic - Fill","hd":false},{"ty":"tr","p":{"a":0,"k":[10.705,1.792],"ix":2},"a":{"a":0,"k":[0,0],"ix":1},"s":{"a":0,"k":[100,100],"ix":3},"r":{"a":0,"k":0,"ix":6},"o":{"a":0,"k":100,"ix":7},"sk":{"a":0,"k":0,"ix":4},"sa":{"a":0,"k":0,"ix":5},"nm":"Transform"}],"nm":"Group 2","np":3,"cix":2,"bm":0,"ix":2,"mn":"ADBE Vector Group","hd":false},{"ty":"gr","it":[{"ind":0,"ty":"sh","ix":1,"ks":{"a":0,"k":{"i":[[-0.092,-0.836],[0,0],[-1.932,0],[0,0],[-0.212,1.921],[0,0],[0.841,0],[0,0]],"o":[[0,0],[0.212,1.921],[0,0],[1.932,0],[0,0],[0.092,-0.836],[0,0],[-0.842,0]],"v":[[-10.363,-8.587],[-8.666,6.779],[-4.898,10.154],[4.898,10.154],[8.666,6.779],[10.363,-8.587],[8.96,-10.154],[-8.959,-10.154]],"c":true},"ix":2},"nm":"Path 1","mn":"ADBE Vector Shape - Group","hd":false},{"ty":"mm","mm":4,"nm":"Merge Paths 1","mn":"ADBE Vector Filter - Merge","hd":false},{"ty":"fl","c":{"a":0,"k":[0.827000038297,0.889999988032,0.922000002394,1],"ix":4},"o":{"a":0,"k":100,"ix":5},"r":1,"bm":0,"nm":"Fill 1","mn":"ADBE Vector Graphic - Fill","hd":false},{"ty":"tr","p":{"a":0,"k":[10.706,10.404],"ix":2},"a":{"a":0,"k":[0,0],"ix":1},"s":{"a":0,"k":[100,100],"ix":3},"r":{"a":0,"k":0,"ix":6},"o":{"a":0,"k":100,"ix":7},"sk":{"a":0,"k":0,"ix":4},"sa":{"a":0,"k":0,"ix":5},"nm":"Transform"}],"nm":"Group 3","np":3,"cix":2,"bm":0,"ix":3,"mn":"ADBE Vector Group","hd":false}],"ip":0,"op":94,"st":0,"bm":0},{"ddd":0,"ind":20,"ty":4,"nm":"Layer 23 Outlines","sr":1,"ks":{"o":{"a":0,"k":100,"ix":11},"r":{"a":0,"k":0,"ix":10},"p":{"a":0,"k":[22.13,148.229,0],"ix":2},"a":{"a":0,"k":[9.72,11.696,0],"ix":1},"s":{"a":0,"k":[100,100,100],"ix":6}},"ao":0,"shapes":[{"ty":"gr","it":[{"ind":0,"ty":"sh","ix":1,"ks":{"a":0,"k":{"i":[[5.23,0],[0.777,-0.287],[0,-5.037],[4.05,-1.234],[-0.842,0],[0,6.004]],"o":[[-0.842,0],[4.05,1.494],[0,5.038],[0.777,0.236],[5.23,0],[0,-6.003]],"v":[[-3.52,-11.445],[-5.951,-10.988],[1.089,0.575],[-5.951,11.071],[-3.52,11.446],[5.951,0.575]],"c":true},"ix":2},"nm":"Path 1","mn":"ADBE Vector Shape - Group","hd":false},{"ty":"mm","mm":4,"nm":"Merge Paths 1","mn":"ADBE Vector Filter - Merge","hd":false},{"ty":"fl","c":{"a":0,"k":[0.277999997606,0.39199999641,0.532999973671,1],"ix":4},"o":{"a":0,"k":100,"ix":5},"r":1,"bm":0,"nm":"Fill 1","mn":"ADBE Vector Graphic - Fill","hd":false},{"ty":"tr","p":{"a":0,"k":[13.24,11.695],"ix":2},"a":{"a":0,"k":[0,0],"ix":1},"s":{"a":0,"k":[100,100],"ix":3},"r":{"a":0,"k":0,"ix":6},"o":{"a":0,"k":100,"ix":7},"sk":{"a":0,"k":0,"ix":4},"sa":{"a":0,"k":0,"ix":5},"nm":"Transform"}],"nm":"Group 1","np":3,"cix":2,"bm":0,"ix":1,"mn":"ADBE Vector Group","hd":false},{"ty":"gr","it":[{"ind":0,"ty":"sh","ix":1,"ks":{"a":0,"k":{"i":[[0,6.004],[5.23,0],[0,-6.003],[-5.231,0]],"o":[[0,-6.003],[-5.231,0],[0,6.004],[5.23,0]],"v":[[9.471,0.574],[0.001,-11.445],[-9.471,0.574],[0.001,11.445]],"c":true},"ix":2},"nm":"Path 1","mn":"ADBE Vector Shape - Group","hd":false},{"ty":"mm","mm":4,"nm":"Merge Paths 1","mn":"ADBE Vector Filter - Merge","hd":false},{"ty":"fl","c":{"a":0,"k":[0.513999968884,0.713999968884,0.925,1],"ix":4},"o":{"a":0,"k":100,"ix":5},"r":1,"bm":0,"nm":"Fill 1","mn":"ADBE Vector Graphic - Fill","hd":false},{"ty":"tr","p":{"a":0,"k":[9.72,11.696],"ix":2},"a":{"a":0,"k":[0,0],"ix":1},"s":{"a":0,"k":[100,100],"ix":3},"r":{"a":0,"k":0,"ix":6},"o":{"a":0,"k":100,"ix":7},"sk":{"a":0,"k":0,"ix":4},"sa":{"a":0,"k":0,"ix":5},"nm":"Transform"}],"nm":"Group 2","np":3,"cix":2,"bm":0,"ix":2,"mn":"ADBE Vector Group","hd":false}],"ip":0,"op":94,"st":0,"bm":0},{"ddd":0,"ind":21,"ty":4,"nm":"Layer 25 Outlines","sr":1,"ks":{"o":{"a":0,"k":100,"ix":11},"r":{"a":0,"k":0,"ix":10},"p":{"a":0,"k":[70.502,147.866,0],"ix":2},"a":{"a":0,"k":[26.965,29.114,0],"ix":1},"s":{"a":0,"k":[100,100,100],"ix":6}},"ao":0,"shapes":[{"ty":"gr","it":[{"ind":0,"ty":"sh","ix":1,"ks":{"a":0,"k":{"i":[[0,0],[-4.248,7.966],[0,0],[-7.199,-5.456],[0.211,-5.659],[0,0]],"o":[[0.211,-14.08],[6.005,-11.258],[0,0],[4.514,3.42],[0,0],[0,0]],"v":[[-26.714,28.864],[-16.523,-17.606],[3.93,-26.938],[19.682,-19.36],[26.503,-4.839],[19.145,28.841]],"c":true},"ix":2},"nm":"Path 1","mn":"ADBE Vector Shape - Group","hd":false},{"ty":"mm","mm":4,"nm":"Merge Paths 1","mn":"ADBE Vector Filter - Merge","hd":false},{"ty":"fl","c":{"a":0,"k":[0.180000005984,0.611999990426,1,1],"ix":4},"o":{"a":0,"k":100,"ix":5},"r":1,"bm":0,"nm":"Fill 1","mn":"ADBE Vector Graphic - Fill","hd":false},{"ty":"tr","p":{"a":0,"k":[26.965,29.114],"ix":2},"a":{"a":0,"k":[0,0],"ix":1},"s":{"a":0,"k":[100,100],"ix":3},"r":{"a":0,"k":0,"ix":6},"o":{"a":0,"k":100,"ix":7},"sk":{"a":0,"k":0,"ix":4},"sa":{"a":0,"k":0,"ix":5},"nm":"Transform"}],"nm":"Group 1","np":3,"cix":2,"bm":0,"ix":1,"mn":"ADBE Vector Group","hd":false}],"ip":0,"op":94,"st":0,"bm":0},{"ddd":0,"ind":22,"ty":4,"nm":"Layer 24 Outlines","sr":1,"ks":{"o":{"a":0,"k":100,"ix":11},"r":{"a":0,"k":0,"ix":10},"p":{"a":0,"k":[65.428,147.19,0],"ix":2},"a":{"a":0,"k":[27.28,29.527,0],"ix":1},"s":{"a":0,"k":[100,100,100],"ix":6}},"ao":0,"shapes":[{"ty":"gr","it":[{"ind":0,"ty":"sh","ix":1,"ks":{"a":0,"k":{"i":[[0,0],[-1.612,11.189],[4.324,0],[0,0],[0.848,-6.147],[-0.384,-16.842]],"o":[[-0.377,-18.09],[0.617,-4.279],[0,0],[-6.205,0],[-1.612,11.693],[0,0]],"v":[[22.637,28.952],[26.412,-21.171],[19.382,-29.277],[-10.934,-29.277],[-23.243,-18.559],[-26.646,29.277]],"c":true},"ix":2},"nm":"Path 1","mn":"ADBE Vector Shape - Group","hd":false},{"ty":"mm","mm":4,"nm":"Merge Paths 1","mn":"ADBE Vector Filter - Merge","hd":false},{"ty":"fl","c":{"a":0,"k":[0.463000009574,0.647000002394,0.588000009574,1],"ix":4},"o":{"a":0,"k":100,"ix":5},"r":1,"bm":0,"nm":"Fill 1","mn":"ADBE Vector Graphic - Fill","hd":false},{"ty":"tr","p":{"a":0,"k":[27.28,29.527],"ix":2},"a":{"a":0,"k":[0,0],"ix":1},"s":{"a":0,"k":[100,100],"ix":3},"r":{"a":0,"k":0,"ix":6},"o":{"a":0,"k":100,"ix":7},"sk":{"a":0,"k":0,"ix":4},"sa":{"a":0,"k":0,"ix":5},"nm":"Transform"}],"nm":"Group 1","np":3,"cix":2,"bm":0,"ix":1,"mn":"ADBE Vector Group","hd":false}],"ip":0,"op":94,"st":0,"bm":0},{"ddd":0,"ind":23,"ty":4,"nm":"Layer 6 Outlines 2","sr":1,"ks":{"o":{"a":0,"k":100,"ix":11},"r":{"a":0,"k":0,"ix":10},"p":{"a":0,"k":[152.414,30.592,0],"ix":2},"a":{"a":0,"k":[38.559,24.003,0],"ix":1},"s":{"a":0,"k":[100,100,100],"ix":6}},"ao":0,"shapes":[{"ty":"gr","it":[{"ind":0,"ty":"sh","ix":1,"ks":{"a":0,"k":{"i":[[4.528,0.617],[6.02,0],[1.491,-0.778],[6.097,0],[2.338,-3.599],[2.051,0.002],[0,-7.857],[0,0],[0.353,0.001],[0,-5.495],[-5.075,0],[-1.101,0.494],[-3.752,-0.079],[-1.593,1.421],[-5.001,-0.038],[-3.023,2.631],[-1.666,-0.002],[-1.52,3.019],[-1.415,-0.001],[0,5.494]],"o":[[-0.252,-6.45],[-1.682,0],[-1.484,-6.1],[-4.291,0.051],[-1.8,-0.982],[-7.258,0],[0,0],[-0.35,-0.045],[-5.075,0],[0,5.495],[1.207,0],[1.329,3.51],[2.135,-0.006],[3.195,3.848],[4.008,-0.014],[1.396,0.908],[3.38,-0.055],[1.247,0.67],[5.075,0],[-0.003,-5.07]],"v":[[30.276,-2.745],[19.095,-14.345],[14.264,-13.161],[1.557,-23.753],[-9.054,-17.911],[-14.922,-19.411],[-28.064,-5.184],[-28.064,-5.177],[-29.12,-5.245],[-38.309,4.703],[-29.12,14.65],[-25.62,13.899],[-17.21,19.839],[-11.423,17.624],[1.502,23.753],[12.402,19.653],[17.094,21.048],[25.064,16.048],[29.12,17.069],[38.309,7.122]],"c":true},"ix":2},"nm":"Path 1","mn":"ADBE Vector Shape - Group","hd":false},{"ty":"mm","mm":4,"nm":"Merge Paths 1","mn":"ADBE Vector Filter - Merge","hd":false},{"ty":"fl","c":{"a":0,"k":[1,1,1,1],"ix":4},"o":{"a":0,"k":100,"ix":5},"r":1,"bm":0,"nm":"Fill 1","mn":"ADBE Vector Graphic - Fill","hd":false},{"ty":"tr","p":{"a":0,"k":[38.559,24.003],"ix":2},"a":{"a":0,"k":[0,0],"ix":1},"s":{"a":0,"k":[100,100],"ix":3},"r":{"a":0,"k":0,"ix":6},"o":{"a":0,"k":100,"ix":7},"sk":{"a":0,"k":0,"ix":4},"sa":{"a":0,"k":0,"ix":5},"nm":"Transform"}],"nm":"Group 1","np":3,"cix":2,"bm":0,"ix":1,"mn":"ADBE Vector Group","hd":false}],"ip":0,"op":94,"st":0,"bm":0},{"ddd":0,"ind":24,"ty":4,"nm":"Layer 6 Outlines","sr":1,"ks":{"o":{"a":0,"k":61,"ix":11},"r":{"a":0,"k":0,"ix":10},"p":{"a":0,"k":[151.914,33.092,0],"ix":2},"a":{"a":0,"k":[38.559,24.003,0],"ix":1},"s":{"a":0,"k":[100,100,100],"ix":6}},"ao":0,"ef":[{"ty":29,"nm":"Gaussian Blur","np":5,"mn":"ADBE Gaussian Blur 2","ix":1,"en":1,"ef":[{"ty":0,"nm":"Blurriness","mn":"ADBE Gaussian Blur 2-0001","ix":1,"v":{"a":0,"k":27.3,"ix":1}},{"ty":7,"nm":"Blur Dimensions","mn":"ADBE Gaussian Blur 2-0002","ix":2,"v":{"a":0,"k":1,"ix":2}},{"ty":7,"nm":"Repeat Edge Pixels","mn":"ADBE Gaussian Blur 2-0003","ix":3,"v":{"a":0,"k":0,"ix":3}}]}],"shapes":[{"ty":"gr","it":[{"ind":0,"ty":"sh","ix":1,"ks":{"a":0,"k":{"i":[[4.528,0.617],[6.02,0],[1.491,-0.778],[6.097,0],[2.338,-3.599],[2.051,0.002],[0,-7.857],[0,0],[0.353,0.001],[0,-5.495],[-5.075,0],[-1.101,0.494],[-3.752,-0.079],[-1.593,1.421],[-5.001,-0.038],[-3.023,2.631],[-1.666,-0.002],[-1.52,3.019],[-1.415,-0.001],[0,5.494]],"o":[[-0.252,-6.45],[-1.682,0],[-1.484,-6.1],[-4.291,0.051],[-1.8,-0.982],[-7.258,0],[0,0],[-0.35,-0.045],[-5.075,0],[0,5.495],[1.207,0],[1.329,3.51],[2.135,-0.006],[3.195,3.848],[4.008,-0.014],[1.396,0.908],[3.38,-0.055],[1.247,0.67],[5.075,0],[-0.003,-5.07]],"v":[[30.276,-2.745],[19.095,-14.345],[14.264,-13.161],[1.557,-23.753],[-9.054,-17.911],[-14.922,-19.411],[-28.064,-5.184],[-28.064,-5.177],[-29.12,-5.245],[-38.309,4.703],[-29.12,14.65],[-25.62,13.899],[-17.21,19.839],[-11.423,17.624],[1.502,23.753],[12.402,19.653],[17.094,21.048],[25.064,16.048],[29.12,17.069],[38.309,7.122]],"c":true},"ix":2},"nm":"Path 1","mn":"ADBE Vector Shape - Group","hd":false},{"ty":"mm","mm":4,"nm":"Merge Paths 1","mn":"ADBE Vector Filter - Merge","hd":false},{"ty":"fl","c":{"a":0,"k":[0.560784313725,0.823529411765,1,1],"ix":4},"o":{"a":0,"k":100,"ix":5},"r":1,"bm":0,"nm":"Fill 1","mn":"ADBE Vector Graphic - Fill","hd":false},{"ty":"tr","p":{"a":0,"k":[38.559,24.003],"ix":2},"a":{"a":0,"k":[0,0],"ix":1},"s":{"a":0,"k":[112,112],"ix":3},"r":{"a":0,"k":0,"ix":6},"o":{"a":0,"k":100,"ix":7},"sk":{"a":0,"k":0,"ix":4},"sa":{"a":0,"k":0,"ix":5},"nm":"Transform"}],"nm":"Group 1","np":3,"cix":2,"bm":0,"ix":1,"mn":"ADBE Vector Group","hd":false}],"ip":0,"op":94,"st":0,"bm":0}],"markers":[]}